ANGRA DOS REIS;-23.007481;-44.318588;RJANG14;RAUL POMPEIA, 97 - CENTRO;1/1/2016 21:07:00;2/1/2016 14:11:08
ANGRA DOS REIS;-23.140354;-44.16899;RJANG11;PROFESAORA ALICE KURI, 97 - VILA ABRA?O;2/1/2016 03:55:00;4/1/2016 07:28:20
ANGRA DOS REIS;-23.035553;-44.194501;RJANG26;PORTOGALO, S/N? - PORTOGALO;2/1/2016 05:49:08;2/1/2016 19:20:00
ANGRA DOS REIS;-23.00411;-44.448811;RJANG01;GOVERNADOR MARIO COVAS, S/N - PIRAQUARA (CUNHAMBEBE);2/1/2016 17:23:00;2/1/2016 19:20:00
ANGRA DOS REIS;-22.96703;-44.43819;RJANG02;PINHEIROS, 502 - FRADE;3/1/2016 00:35:00;4/1/2016 07:22:48
ANGRA DOS REIS;-22.998899;-44.241199;RJANG12;ITASSUCE, S/N - JACUECANGA;3/1/2016 20:08:00;4/1/2016 07:26:30
ANGRA DOS REIS;-23.035553;-44.194501;RJANG26;PORTOGALO, S/N? - PORTOGALO;7/1/2016 21:52:12;8/1/2016 17:48:00
ANGRA DOS REIS;-23.035553;-44.194501;RJANG26;PORTOGALO, S/N? - PORTOGALO;9/1/2016 21:47:57;10/1/2016 10:24:20
ANGRA DOS REIS;-22.96703;-44.43819;RJANG02;PINHEIROS, 502 - FRADE;10/1/2016 02:11:00;10/1/2016 09:26:43
ANGRA DOS REIS;-23.00411;-44.448811;RJANG01;GOVERNADOR MARIO COVAS, S/N - PIRAQUARA (CUNHAMBEBE);10/1/2016 02:25:00;10/1/2016 06:27:51
ANGRA DOS REIS;-23.007481;-44.318588;RJANG14;RAUL POMPEIA, 97 - CENTRO;11/1/2016 09:51:00;12/1/2016 00:27:48
ANGRA DOS REIS;-23.0356;-44.2231;RJANG07;DO LESTE, S/N - MONSUABA;18/1/2016 09:28:00;18/1/2016 11:14:00
ANGRA DOS REIS;-23.007481;-44.318588;RJANG14;RAUL POMPEIA, 97 - CENTRO;18/1/2016 11:13:00;19/1/2016 19:47:00
ANGRA DOS REIS;-22.98459;-44.29609;RJANG13;ALAN KARDEC, 1 - CAMPO BELO (CUNHAMBEBE);23/1/2016 03:32:00;24/1/2016 03:52:04
ANGRA DOS REIS;-23.007481;-44.318588;RJANG14;RAUL POMPEIA, 97 - CENTRO;25/1/2016 16:18:00;26/1/2016 21:54:03
ANGRA DOS REIS;-22.97057;-44.30254;RJANG17;PREFEITO JOAO GREGORIO GALINDO, 100 - JAPUIBA;26/1/2016 15:52:18;26/1/2016 21:54:08
ANGRA DOS REIS;-23.007481;-44.318588;RJANG14;RAUL POMPEIA, 97 - CENTRO;3/2/2016 16:35:00;3/2/2016 21:12:00
ANGRA DOS REIS;-23.007481;-44.318588;RJANG14;RAUL POMPEIA, 97 - CENTRO;11/2/2016 02:13:00;11/2/2016 11:43:22
ANGRA DOS REIS;-23.140354;-44.16899;RJANG11;PROFESAORA ALICE KURI, 97 - VILA ABRA?O;13/2/2016 01:33:00;13/2/2016 19:30:00
ANGRA DOS REIS;-23.007481;-44.318588;RJANG14;RAUL POMPEIA, 97 - CENTRO;17/2/2016 00:11:00;17/2/2016 09:00:59
ANGRA DOS REIS;-22.9569;-44.3243;RJANG04;GOVERNADOR MARIO COVAS, S/N - PONTAL (CUNHAMBEBE);20/2/2016 02:53:00;21/2/2016 13:48:19
ANGRA DOS REIS;-23.0356;-44.2231;RJANG07;DO LESTE, S/N - MONSUABA;4/3/2016 08:33:00;6/3/2016 09:01:06
ANGRA DOS REIS;-22.97057;-44.30254;RJANG17;PREFEITO JOAO GREGORIO GALINDO, 100 - JAPUIBA;9/3/2016 18:55:00;10/3/2016 11:00:25
ANGRA DOS REIS;-23.0356;-44.2231;RJANG07;DO LESTE, S/N - MONSUABA;10/3/2016 11:15:00;10/3/2016 21:09:02
APERIBE;-21.6262;-42.1051;RJAPR01;PEDRO MARTINS DA ROCHA, S/N - BOA VISTA;12/1/2016 00:04:00;12/1/2016 12:55:24
APERIBE;-21.6262;-42.1051;RJAPR01;PEDRO MARTINS DA ROCHA, S/N - BOA VISTA;10/2/2016 23:47:00;11/2/2016 11:50:00
ARARUAMA;-22.875;-42.343311;RJARM01;JORGE DAMI?O, 20 - ALTO DA BOA VISTA;6/3/2016 06:04:00;6/3/2016 08:52:32
ARARUAMA;-22.875;-42.343311;RJARM01;JORGE DAMI?O, 20 - ALTO DA BOA VISTA;7/3/2016 07:54:00;8/3/2016 12:24:34
ARARUAMA;-22.875;-42.343311;RJARM01;JORGE DAMI?O, 20 - ALTO DA BOA VISTA;22/3/2016 15:19:00;22/3/2016 17:50:00
ARARUAMA;-22.875;-42.343311;RJARM01;JORGE DAMI?O, 20 - ALTO DA BOA VISTA;25/3/2016 11:56:00;25/3/2016 14:06:47
ARARUAMA;-22.8858;-42.3566;RJARM05;DOS CAJUEIROS, S/N - PRAIA DO HOSPICIO;25/3/2016 12:01:00;25/3/2016 14:08:07
ARARUAMA;-22.9258;-42.3094;RJARM04;B, S/N - PRAIA SECA;25/3/2016 12:47:06;25/3/2016 15:21:28
ARARUAMA;-22.875;-42.343311;RJARM01;JORGE DAMI?O, 20 - ALTO DA BOA VISTA;4/4/2016 11:10:00;4/4/2016 15:54:16
AREAL;-22.2393;-43.1059;RJARE01;BR-040, S/N - AREAL;29/2/2016 00:49:00;29/2/2016 11:58:00
ARMA?O DOS BUZIOS;-22.8163;-41.9805;RJBUZ06;QUATRO, S/N - BAIA FORMOSA;21/1/2016 19:17:00;22/1/2016 07:24:21
ARMA?O DOS BUZIOS;-22.8163;-41.9805;RJBUZ06;QUATRO, S/N - BAIA FORMOSA;28/1/2016 04:14:00;28/1/2016 12:18:42
ARMA?O DOS BUZIOS;-22.778919;-41.895531;RJBUZ02;A, S/N - GERIBA;30/1/2016 03:05:00;30/1/2016 13:30:00
ARMA?O DOS BUZIOS;-22.778919;-41.895531;RJBUZ02;A, S/N - GERIBA;17/2/2016 00:05:00;17/2/2016 11:02:13
ARMA?O DOS BUZIOS;-22.8163;-41.9805;RJBUZ06;QUATRO, S/N - BAIA FORMOSA;23/2/2016 16:56:00;23/2/2016 21:00:00
ARMA?O DOS BUZIOS;-22.8163;-41.9805;RJBUZ06;QUATRO, S/N - BAIA FORMOSA;6/3/2016 06:04:00;6/3/2016 08:51:17
ARMA?O DOS BUZIOS;-22.8163;-41.9805;RJBUZ06;QUATRO, S/N - BAIA FORMOSA;7/3/2016 07:53:00;8/3/2016 12:24:39
BARRA DO PIRAI;-22.471;-43.9869;RJVRER2;LUCIO MEIRA, KM 274 - DORANDIA;2/1/2016 09:35:00;2/1/2016 10:34:00
BARRA DO PIRAI;-22.517197;-43.801918;RJBPI01;MANOEL ALVES PEREIRA, S/N - PARQUE SANTANA;3/1/2016 01:45:00;4/1/2016 07:17:38
BARRA DO PIRAI;-22.471;-43.9869;RJVRER2;LUCIO MEIRA, KM 274 - DORANDIA;9/1/2016 22:55:00;10/1/2016 08:51:58
BARRA DO PIRAI;-22.4679;-43.8202;RJBPI02;ELIZABETH BORGES, 67 - CAIERA;15/1/2016 09:04:00;16/1/2016 12:50:00
BARRA DO PIRAI;-22.471;-43.9869;RJVRER2;LUCIO MEIRA, KM 274 - DORANDIA;1/2/2016 12:11:00;1/2/2016 16:47:00
BARRA DO PIRAI;-22.471;-43.9869;RJVRER2;LUCIO MEIRA, KM 274 - DORANDIA;3/2/2016 11:24:00;3/2/2016 14:55:00
BARRA DO PIRAI;-22.388161;-43.867761;RJBPI08;JOAO M. LEITE VINHEIROS, S/N - IPIABAS;14/3/2016 11:30:41;14/3/2016 13:25:00
BARRA MANSA;-22.4875;-44.2478;RJBAMR3;PRES. DUTRA, S/N - POMBAL;2/1/2016 02:56:00;2/1/2016 10:53:28
BARRA MANSA;-22.4875;-44.2478;RJBAMR3;PRES. DUTRA, S/N - POMBAL;2/1/2016 18:54:00;2/1/2016 20:24:00
BARRA MANSA;-22.4875;-44.2478;RJBAMR3;PRES. DUTRA, S/N - POMBAL;3/1/2016 01:23:00;4/1/2016 07:16:09
BARRA MANSA;-22.541389;-44.193062;RJBAMR2;JOSE GONCALVES REBOLLAS, S/N - BOCAININHA;22/3/2016 15:59:00;22/3/2016 17:50:00
BELFORD ROXO;-22.755083;-43.360278;RJBFR43;EVA PINTO, S/N - JARDIM GLAUCIA;3/1/2016 22:04:00;4/1/2016 14:00:00
BELFORD ROXO;-22.755083;-43.360278;RJBFR43;EVA PINTO, S/N - JARDIM GLAUCIA;7/1/2016 18:53:00;8/1/2016 08:43:50
BELFORD ROXO;-22.7075;-43.429;RJBFR05;PROFESAORA MARLI DE CARVALHO PEREIRA, 64 - MIGUEL COUTO;19/1/2016 23:38:00;20/1/2016 10:05:00
BELFORD ROXO;-22.71167;-43.3397;RJBFR08;EMBAIBA, S/N - PARQUE COLONIAL;23/1/2016 06:14:00;24/1/2016 03:25:03
BELFORD ROXO;-22.71525;-43.327469;RJBFR02;JOAQUIM DA COSTA LIMA, LOTES 36/37 - LOTE XV;23/1/2016 08:24:00;24/1/2016 03:21:53
BELFORD ROXO;-22.73592;-43.333561;RJBFR11;PARABOLA, S/N - VILA ESPERANCA;27/1/2016 21:25:00;28/1/2016 11:40:00
BELFORD ROXO;-22.75597;-43.403641;RJBFR01;SAO DAMI?O, 7 - CENTRO;2/2/2016 03:47:00;2/2/2016 22:10:00
BELFORD ROXO;-22.7344;-43.3895;RJBFR03;FERN?O DIAS PAES LEME, 91A - HITERLAND;13/2/2016 18:52:00;13/2/2016 22:00:00
BELFORD ROXO;-22.7075;-43.429;RJBFR05;PROFESAORA MARLI DE CARVALHO PEREIRA, 64 - MIGUEL COUTO;25/2/2016 13:17:00;25/2/2016 21:49:00
BELFORD ROXO;-22.759429;-43.368724;RJBFR38;JORGE BRAGANCA, S/N - JARDIM BOM PASAOR;25/2/2016 19:32:00;27/2/2016 08:34:44
BELFORD ROXO;-22.759;-43.39415;RJBFR34;ITACIABA, S/N - BAIRRO DAS GRACAS;26/2/2016 05:13:00;27/2/2016 12:31:22
BELFORD ROXO;-22.7615;-43.40438;RJBFR47;COSTA LIMA, 119 ? LOTE 06 - VILA SEABRA;27/2/2016 02:19:00;27/2/2016 04:23:21
BELFORD ROXO;-22.729;-43.4269;RJBFR15;RAUL CORREIA, S/N - JARDIM DAS ACACIAS;28/2/2016 20:31:00;29/2/2016 07:31:11
BELFORD ROXO;-22.739295;-43.422228;RJBFR27;TUPINAMBAS, 120 - HELIOPOLIS;28/2/2016 20:32:00;29/2/2016 07:32:33
BELFORD ROXO;-22.73592;-43.333561;RJBFR11;PARABOLA, S/N - VILA ESPERANCA;29/2/2016 12:44:00;29/2/2016 14:30:00
BELFORD ROXO;-22.755083;-43.360278;RJBFR43;EVA PINTO, S/N - JARDIM GLAUCIA;29/2/2016 13:48:00;29/2/2016 15:26:00
BELFORD ROXO;-22.72966;-43.40196;RJBFR39;MINISTRO FILADELFIO DE AZEVEDO LOTE 13, S/N - SAO FRANCISAO DE ASSIS;5/3/2016 12:51:00;6/3/2016 02:27:38
BELFORD ROXO;-22.73969;-43.39932;RJBFR26;DOS SOLDADOS, 24 - JARDIM XAVANTES;5/3/2016 21:04:00;6/3/2016 02:43:14
BELFORD ROXO;-22.71525;-43.327469;RJBFR02;JOAQUIM DA COSTA LIMA, LOTES 36/37 - LOTE XV;7/3/2016 11:18:00;8/3/2016 12:24:24
BELFORD ROXO;-22.72966;-43.40196;RJBFR39;MINISTRO FILADELFIO DE AZEVEDO LOTE 13, S/N - SAO FRANCISAO DE ASSIS;1/4/2016 02:59:12;1/4/2016 13:11:35
BELFORD ROXO;-22.72334;-43.34074;RJBFR20;MOTA DA COSTA, S/N - VERGEL DOS FELIX;2/4/2016 16:01:33;2/4/2016 17:49:55
CABO FRIO;-22.86194;-41.99028;RJCBF03;DO MOINHO, 19 - PERO;2/1/2016 10:04:00;2/1/2016 11:03:00
CABO FRIO;-22.8825;-42.016109;RJCBF01;TREZE DE NOVEMBRO, S/N - CENTRO;15/1/2016 11:39:00;16/1/2016 19:22:16
CABO FRIO;-22.65481;-42.005032;RJBSJ02;AMARAL PEIXOTO, KM 132 - UNAMAR;15/1/2016 21:26:59;16/1/2016 19:22:12
CABO FRIO;-22.8825;-42.016109;RJCBF01;TREZE DE NOVEMBRO, S/N - CENTRO;21/1/2016 10:31:00;22/1/2016 07:38:46
CABO FRIO;-22.65481;-42.005032;RJBSJ02;AMARAL PEIXOTO, KM 132 - UNAMAR;22/1/2016 03:33:54;22/1/2016 12:28:00
CABO FRIO;-22.65481;-42.005032;RJBSJ02;AMARAL PEIXOTO, KM 132 - UNAMAR;24/1/2016 12:53:19;24/1/2016 17:41:00
CABO FRIO;-22.65481;-42.005032;RJBSJ02;AMARAL PEIXOTO, KM 132 - UNAMAR;26/1/2016 02:41:17;26/1/2016 10:05:15
CABO FRIO;-22.862499;-42.013611;RJCBF07;DO POMAR, S/N - PERO;28/1/2016 05:16:00;28/1/2016 12:18:33
CABO FRIO;-22.8825;-42.016109;RJCBF01;TREZE DE NOVEMBRO, S/N - CENTRO;16/2/2016 22:52:00;17/2/2016 11:00:37
CABO FRIO;-22.8825;-42.016109;RJCBF01;TREZE DE NOVEMBRO, S/N - CENTRO;23/2/2016 15:36:00;23/2/2016 16:35:36
CABO FRIO;-22.862499;-42.013611;RJCBF07;DO POMAR, S/N - PERO;7/3/2016 05:59:00;8/3/2016 12:24:41
CABO FRIO;-22.8825;-42.016109;RJCBF01;TREZE DE NOVEMBRO, S/N - CENTRO;7/3/2016 11:16:00;8/3/2016 12:24:25
CABO FRIO;-22.8825;-42.016109;RJCBF01;TREZE DE NOVEMBRO, S/N - CENTRO;8/3/2016 22:13:00;8/3/2016 22:41:49
CABO FRIO;-22.8825;-42.016109;RJCBF01;TREZE DE NOVEMBRO, S/N - CENTRO;13/3/2016 10:15:00;14/3/2016 02:24:38
CACHOEIRAS DE MACACU;-22.3728;-42.5551;RJCMCR5;DO IMPERADOR, 30 - TEODORO DE OLIVEIRA;2/1/2016 15:43:00;4/1/2016 10:44:44
CACHOEIRAS DE MACACU;-22.545278;-42.779444;RJCMCR6;RIO FRIBURGO RJ 122, S/N - PAPUCAIA;2/1/2016 18:41:00;4/1/2016 10:44:41
CACHOEIRAS DE MACACU;-22.60801;-42.74725;RJCMCR2;GRACINDO DE SOUZA PINTO, 600 - PAPUCAIA;5/1/2016 22:46:00;6/1/2016 03:00:00
CACHOEIRAS DE MACACU;-22.3728;-42.5551;RJCMCR5;DO IMPERADOR, 30 - TEODORO DE OLIVEIRA;17/1/2016 22:38:00;18/1/2016 19:48:11
CACHOEIRAS DE MACACU;-22.545278;-42.779444;RJCMCR6;RIO FRIBURGO RJ 122, S/N - PAPUCAIA;22/1/2016 11:31:00;22/1/2016 13:13:00
CACHOEIRAS DE MACACU;-22.3728;-42.5551;RJCMCR5;DO IMPERADOR, 30 - TEODORO DE OLIVEIRA;18/2/2016 22:32:00;19/2/2016 07:58:43
CACHOEIRAS DE MACACU;-22.545278;-42.779444;RJCMCR6;RIO FRIBURGO RJ 122, S/N - PAPUCAIA;21/2/2016 14:49:00;21/2/2016 16:40:00
CACHOEIRAS DE MACACU;-22.545278;-42.779444;RJCMCR6;RIO FRIBURGO RJ 122, S/N - PAPUCAIA;27/2/2016 19:24:00;29/2/2016 08:06:43
CACHOEIRAS DE MACACU;-22.545278;-42.779444;RJCMCR6;RIO FRIBURGO RJ 122, S/N - PAPUCAIA;4/3/2016 03:16:00;4/3/2016 11:35:00
CACHOEIRAS DE MACACU;-22.545278;-42.779444;RJCMCR6;RIO FRIBURGO RJ 122, S/N - PAPUCAIA;18/3/2016 17:57:00;18/3/2016 21:12:39
CAMPOS DOS GOYTACAZES;-21.370833;-41.346111;RJCAMR5;PROJETADA, S/N - PARQUE VISAONDE DE URURAI;7/1/2016 11:20:00;8/1/2016 11:39:25
CAMPOS DOS GOYTACAZES;-21.9455555555556;-41.0522222222222;RJCAM14;PRINCIPAL, S/N - MARRECAS;7/1/2016 23:25:55;8/1/2016 10:54:00
CAMPOS DOS GOYTACAZES;-21.7577;-41.3233;RJCAM04;BOULEVARD FRANC. DE PAULA CARNEIRO, 10/12 - CENTRO;20/1/2016 17:23:00;20/1/2016 17:52:00
CAMPOS DOS GOYTACAZES;-21.47888;-41.33638;RJCAMR4;BR 101 - KM 55, S/N - MORRO DO COCO;22/1/2016 09:35:00;22/1/2016 15:49:00
CAMPOS DOS GOYTACAZES;-21.76153;-41.30772;RJCAM02;DOMINGOS VIANA, 152/154 - PARQUE TURF CLUB;23/1/2016 17:30:00;23/1/2016 23:55:16
CAMPOS DOS GOYTACAZES;-21.8548;-41.5436;RJCAMR2;RODOVIA  BR101 - KM 30, S/N - CENTRO;18/2/2016 23:15:00;19/2/2016 10:36:11
CAMPOS DOS GOYTACAZES;-21.47888;-41.33638;RJCAMR4;BR 101 - KM 55, S/N - MORRO DO COCO;1/3/2016 10:57:01;2/3/2016 08:38:38
CARAPEBUS;-22.1892;-41.6617;RJMCE13;GETULIO VARGAS, 638 - CENTRO;12/1/2016 00:38:00;12/1/2016 12:55:20
CASIMIRO DE ABREU;-22.4738;-42.1997;RJCAS01;BR-101, KM 207, S/N - MORRO DA CAIXA D'AGUA;12/2/2016 12:17:00;13/2/2016 01:02:33
CASIMIRO DE ABREU;-22.4738;-42.1997;RJCAS01;BR-101, KM 207, S/N - MORRO DA CAIXA D'AGUA;16/2/2016 22:27:00;17/2/2016 10:57:52
COMENDADOR LEVY GASPARIAN;-22.0329;-43.2071;RJCOG01;MARIA DE MELO DOS SANTOS, S/N - CENTRO;14/3/2016 12:25:00;14/3/2016 20:12:00
CONCEICAO DE MACABU;-22.078187;-41.862725;RJCMB03;ESMERALDA ALFENAS DA FONSECA, S/N - PARAISO;12/1/2016 12:54:00;12/1/2016 20:40:08
CORDEIRO;-22.0271;-42.3649;RJCRD01;C, 160, LOTE 64 - CORDEIRO;5/1/2016 18:43:00;5/1/2016 23:05:27
CORDEIRO;-22.0271;-42.3649;RJCRD01;C, 160, LOTE 64 - CORDEIRO;7/1/2016 11:05:00;8/1/2016 11:39:33
CORDEIRO;-22.0271;-42.3649;RJCRD01;C, 160, LOTE 64 - CORDEIRO;29/2/2016 08:40:00;29/2/2016 12:30:00
CORDEIRO;-22.0271;-42.3649;RJCRD01;C, 160, LOTE 64 - CORDEIRO;7/3/2016 09:54:00;8/3/2016 12:24:31
CORDEIRO;-22.0271;-42.3649;RJCRD01;C, 160, LOTE 64 - CORDEIRO;8/3/2016 21:46:00;8/3/2016 22:41:57
CORDEIRO;-22.0271;-42.3649;RJCRD01;C, 160, LOTE 64 - CORDEIRO;11/3/2016 14:40:00;11/3/2016 20:50:55
CORDEIRO;-22.0271;-42.3649;RJCRD01;C, 160, LOTE 64 - CORDEIRO;13/3/2016 12:22:00;14/3/2016 09:26:47
CORDEIRO;-22.0271;-42.3649;RJCRD01;C, 160, LOTE 64 - CORDEIRO;17/3/2016 23:58:00;18/3/2016 11:55:28
CORDEIRO;-22.0271;-42.3649;RJCRD01;C, 160, LOTE 64 - CORDEIRO;23/3/2016 23:19:00;24/3/2016 12:40:00
DUAS BARRAS;-22.0527;-42.523;RJDUS01;EVANGELISTA ALVARES GOMES, S/N - CENTRO;2/1/2016 19:11:00;4/1/2016 10:44:39
DUAS BARRAS;-22.07825;-42.40887;RJDUS02;ARLINDO ALENCAR, S/N - CENTRO;2/1/2016 19:11:00;4/1/2016 10:44:37
DUAS BARRAS;-22.0527;-42.523;RJDUS01;EVANGELISTA ALVARES GOMES, S/N - CENTRO;1/2/2016 12:56:00;1/2/2016 15:20:00
DUAS BARRAS;-22.07825;-42.40887;RJDUS02;ARLINDO ALENCAR, S/N - CENTRO;1/2/2016 12:56:00;1/2/2016 15:20:00
DUAS BARRAS;-22.0527;-42.523;RJDUS01;EVANGELISTA ALVARES GOMES, S/N - CENTRO;9/2/2016 21:02:00;9/2/2016 21:56:02
DUAS BARRAS;-22.07825;-42.40887;RJDUS02;ARLINDO ALENCAR, S/N - CENTRO;9/2/2016 21:03:00;9/2/2016 21:55:48
DUAS BARRAS;-22.0527;-42.523;RJDUS01;EVANGELISTA ALVARES GOMES, S/N - CENTRO;17/2/2016 13:09:00;17/2/2016 15:31:01
DUAS BARRAS;-22.0527;-42.523;RJDUS01;EVANGELISTA ALVARES GOMES, S/N - CENTRO;12/3/2016 08:59:00;12/3/2016 11:14:39
DUAS BARRAS;-22.07825;-42.40887;RJDUS02;ARLINDO ALENCAR, S/N - CENTRO;12/3/2016 09:00:00;12/3/2016 11:14:10
DUQUE DE CAXIAS;-22.67088;-43.29008;RJDQC83;G, S/N - LOTE 19 - CIDADE DOS MENINOS;5/1/2016 16:11:00;5/1/2016 19:41:00
DUQUE DE CAXIAS;-22.67889;-43.26039;RJDQC68;CANAL DO FARIAS, S/N - PARQUE INDEPENDENCIA;5/1/2016 20:58:36;6/1/2016 15:05:54
DUQUE DE CAXIAS;-22.67889;-43.26039;RJDQC68;CANAL DO FARIAS, S/N - PARQUE INDEPENDENCIA;5/1/2016 21:03:00;6/1/2016 15:05:52
DUQUE DE CAXIAS;-22.68265;-43.29993;RJDQC80;CARMEM MIRANDA, S/N - LOTE 13, QUADRA 24 B - CHACARAS RIO-PETROPOLIS;5/1/2016 22:42:00;6/1/2016 01:23:18
DUQUE DE CAXIAS;-22.67088;-43.29008;RJDQC83;G, S/N - LOTE 19 - CIDADE DOS MENINOS;6/1/2016 12:52:00;6/1/2016 16:00:00
DUQUE DE CAXIAS;-22.6863;-43.2555;RJDQC11;ASSUREMA, S/N -  LOTE 20, QUADRA 03 - PARQUE CHUNO;6/1/2016 12:54:00;6/1/2016 16:00:00
DUQUE DE CAXIAS;-22.63811;-43.26212;RJDQC45;DINAMARCA, S/N - PARQUE PAULISTA;6/1/2016 20:44:00;8/1/2016 03:48:22
DUQUE DE CAXIAS;-22.66771;-43.24639;RJDQC81;HAIA, S/N - VILA URUSSAY;8/1/2016 13:15:00;8/1/2016 20:58:41
DUQUE DE CAXIAS;-22.6863;-43.2555;RJDQC11;ASSUREMA, S/N -  LOTE 20, QUADRA 03 - PARQUE CHUNO;11/1/2016 10:38:00;12/1/2016 00:37:24
DUQUE DE CAXIAS;-22.64216;-43.23634;RJDQC92;JULIO DE CASTILHO, S/N - JARDIM ANHANGA;16/1/2016 01:59:00;16/1/2016 16:52:01
DUQUE DE CAXIAS;-22.65793;-43.2863;RJDQC66;CREPUSCULO, 133 - VILA SAO JUDAS TADEU;18/1/2016 11:21:00;18/1/2016 16:20:58
DUQUE DE CAXIAS;-22.6863;-43.2555;RJDQC11;ASSUREMA, S/N -  LOTE 20, QUADRA 03 - PARQUE CHUNO;20/1/2016 04:09:00;20/1/2016 10:05:00
DUQUE DE CAXIAS;-22.5788;-43.3047;RJDQC08;WILSON DE ARAUJO, 420 - XEREM;20/1/2016 15:59:00;20/1/2016 19:00:00
DUQUE DE CAXIAS;-22.57003;-43.31575;RJDQCA5;ERNANI PINHEIRO, 18 LOTE 04 QUADRA B - XEREM;20/1/2016 15:59:19;20/1/2016 19:00:00
DUQUE DE CAXIAS;-22.6466;-43.2815;RJDQC10;PROJETADA D, S/N - LOTE 12, QUADRA C - VILA SANTA CRUZ;20/1/2016 16:01:00;20/1/2016 19:00:00
DUQUE DE CAXIAS;-22.789611;-43.331361;RJDQC64;RIO DAS FLORES, S/N - PARQUE TIETE;22/1/2016 11:25:00;22/1/2016 20:02:47
DUQUE DE CAXIAS;-22.6687;-43.2669;RJDQC21;MARCO AURELIO, 1265 - VILA MARIA HELENA;22/1/2016 13:11:00;22/1/2016 17:16:00
DUQUE DE CAXIAS;-22.6863;-43.2555;RJDQC11;ASSUREMA, S/N -  LOTE 20, QUADRA 03 - PARQUE CHUNO;22/1/2016 13:35:00;22/1/2016 20:02:44
DUQUE DE CAXIAS;-22.6863;-43.2555;RJDQC11;ASSUREMA, S/N -  LOTE 20, QUADRA 03 - PARQUE CHUNO;23/1/2016 19:41:00;24/1/2016 03:29:03
DUQUE DE CAXIAS;-22.67088;-43.29008;RJDQC83;G, S/N - LOTE 19 - CIDADE DOS MENINOS;23/1/2016 22:32:00;24/1/2016 03:31:04
DUQUE DE CAXIAS;-22.5788;-43.3047;RJDQC08;WILSON DE ARAUJO, 420 - XEREM;26/1/2016 16:06:00;26/1/2016 20:28:00
DUQUE DE CAXIAS;-22.6863;-43.2555;RJDQC11;ASSUREMA, S/N -  LOTE 20, QUADRA 03 - PARQUE CHUNO;28/1/2016 04:18:00;28/1/2016 11:54:30
DUQUE DE CAXIAS;-22.67088;-43.29008;RJDQC83;G, S/N - LOTE 19 - CIDADE DOS MENINOS;28/1/2016 06:00:00;28/1/2016 11:54:12
DUQUE DE CAXIAS;-22.7572;-43.3071;RJDQC13;TENENTE CLETO CAMPELO, 1093 - VILA LEOPOLDINA;1/2/2016 02:08:17;1/2/2016 12:14:00
DUQUE DE CAXIAS;-22.7572;-43.3071;RJDQC13;TENENTE CLETO CAMPELO, 1093 - VILA LEOPOLDINA;1/2/2016 07:47:46;1/2/2016 12:14:00
DUQUE DE CAXIAS;-22.67088;-43.29008;RJDQC83;G, S/N - LOTE 19 - CIDADE DOS MENINOS;1/2/2016 12:05:00;1/2/2016 20:54:44
DUQUE DE CAXIAS;-22.6687;-43.2669;RJDQC21;MARCO AURELIO, 1265 - VILA MARIA HELENA;2/2/2016 11:36:00;3/2/2016 11:34:09
DUQUE DE CAXIAS;-22.67088;-43.29008;RJDQC83;G, S/N - LOTE 19 - CIDADE DOS MENINOS;2/2/2016 21:44:00;3/2/2016 11:34:07
DUQUE DE CAXIAS;-22.7558;-43.3158;RJDQC36;JOT?O, S/N - JARDIM LEAL;2/2/2016 22:14:00;3/2/2016 11:33:56
DUQUE DE CAXIAS;-22.70525;-43.27663;RJDQCA2;HIGINO CUNHA, 18 - VILA ACTURA;2/2/2016 22:18:23;3/2/2016 11:33:49
DUQUE DE CAXIAS;-22.685681;-43.284661;RJDQCA8;DOM TERESA, 160 - JARDIM PRIMAVERA;2/2/2016 23:31:12;3/2/2016 11:33:41
DUQUE DE CAXIAS;-22.7011;-43.2467;RJDQC27;ERVALIA, S/N - LOTE 26, QUADRA 32 - PARQUE BOM RETIRO;3/2/2016 00:03:00;3/2/2016 11:33:30
DUQUE DE CAXIAS;-22.67088;-43.29008;RJDQC83;G, S/N - LOTE 19 - CIDADE DOS MENINOS;4/2/2016 03:26:00;5/2/2016 07:18:04
DUQUE DE CAXIAS;-22.6687;-43.2669;RJDQC21;MARCO AURELIO, 1265 - VILA MARIA HELENA;4/2/2016 10:14:00;5/2/2016 07:28:48
DUQUE DE CAXIAS;-22.6863;-43.2555;RJDQC11;ASSUREMA, S/N -  LOTE 20, QUADRA 03 - PARQUE CHUNO;4/2/2016 22:04:00;5/2/2016 11:37:22
DUQUE DE CAXIAS;-22.70525;-43.27663;RJDQCA2;HIGINO CUNHA, 18 - VILA ACTURA;5/2/2016 02:28:52;5/2/2016 11:36:53
DUQUE DE CAXIAS;-22.722519;-43.286689;RJDQC71;WASHINGTON LUIZ, KM 113,7 - VILA ACTURA;7/2/2016 12:24:00;7/2/2016 20:36:15
DUQUE DE CAXIAS;-22.7558;-43.3158;RJDQC36;JOT?O, S/N - JARDIM LEAL;8/2/2016 22:37:00;9/2/2016 08:52:39
DUQUE DE CAXIAS;-22.7558;-43.3158;RJDQC36;JOT?O, S/N - JARDIM LEAL;10/2/2016 22:03:00;11/2/2016 11:32:34
DUQUE DE CAXIAS;-22.7011;-43.2467;RJDQC27;ERVALIA, S/N - LOTE 26, QUADRA 32 - PARQUE BOM RETIRO;10/2/2016 22:08:00;11/2/2016 11:31:59
DUQUE DE CAXIAS;-22.7558;-43.3158;RJDQC36;JOT?O, S/N - JARDIM LEAL;14/2/2016 22:28:00;15/2/2016 11:16:14
DUQUE DE CAXIAS;-22.6687;-43.2669;RJDQC21;MARCO AURELIO, 1265 - VILA MARIA HELENA;16/2/2016 21:55:00;17/2/2016 12:21:59
DUQUE DE CAXIAS;-22.722519;-43.286689;RJDQC71;WASHINGTON LUIZ, KM 113,7 - VILA ACTURA;18/2/2016 19:33:00;19/2/2016 07:47:17
DUQUE DE CAXIAS;-22.68265;-43.29993;RJDQC80;CARMEM MIRANDA, S/N - LOTE 13, QUADRA 24 B - CHACARAS RIO-PETROPOLIS;20/2/2016 22:51:00;21/2/2016 13:41:20
DUQUE DE CAXIAS;-22.67088;-43.29008;RJDQC83;G, S/N - LOTE 19 - CIDADE DOS MENINOS;22/2/2016 23:17:00;23/2/2016 14:21:15
DUQUE DE CAXIAS;-22.7011;-43.2467;RJDQC27;ERVALIA, S/N - LOTE 26, QUADRA 32 - PARQUE BOM RETIRO;24/2/2016 23:05:00;25/2/2016 01:50:18
DUQUE DE CAXIAS;-22.7558;-43.3158;RJDQC36;JOT?O, S/N - JARDIM LEAL;24/2/2016 23:48:00;25/2/2016 01:28:03
DUQUE DE CAXIAS;-22.7558;-43.3158;RJDQC36;JOT?O, S/N - JARDIM LEAL;26/2/2016 00:01:00;26/2/2016 00:49:46
DUQUE DE CAXIAS;-22.7558;-43.3158;RJDQC36;JOT?O, S/N - JARDIM LEAL;26/2/2016 22:38:00;27/2/2016 12:31:16
DUQUE DE CAXIAS;-22.66771;-43.24639;RJDQC81;HAIA, S/N - VILA URUSSAY;27/2/2016 00:06:00;27/2/2016 11:18:05
DUQUE DE CAXIAS;-22.7558;-43.3158;RJDQC36;JOT?O, S/N - JARDIM LEAL;29/2/2016 00:26:00;29/2/2016 07:34:41
DUQUE DE CAXIAS;-22.64216;-43.23634;RJDQC92;JULIO DE CASTILHO, S/N - JARDIM ANHANGA;29/2/2016 16:00:00;2/3/2016 08:22:11
DUQUE DE CAXIAS;-22.714274;-43.309887;RJDQC60;NOSSA SENHORA DE FATIMA, S/N - JARDIM VISTA ALEGRE;2/3/2016 12:55:00;2/3/2016 21:42:42
DUQUE DE CAXIAS;-22.6863;-43.2555;RJDQC11;ASSUREMA, S/N -  LOTE 20, QUADRA 03 - PARQUE CHUNO;2/3/2016 15:48:00;2/3/2016 19:04:00
DUQUE DE CAXIAS;-22.7011;-43.2467;RJDQC27;ERVALIA, S/N - LOTE 26, QUADRA 32 - PARQUE BOM RETIRO;4/3/2016 00:08:00;4/3/2016 11:50:30
DUQUE DE CAXIAS;-22.67088;-43.29008;RJDQC83;G, S/N - LOTE 19 - CIDADE DOS MENINOS;4/3/2016 00:23:00;4/3/2016 11:50:32
DUQUE DE CAXIAS;-22.7558;-43.3158;RJDQC36;JOT?O, S/N - JARDIM LEAL;4/3/2016 05:49:00;4/3/2016 11:50:26
DUQUE DE CAXIAS;-22.65793;-43.2863;RJDQC66;CREPUSCULO, 133 - VILA SAO JUDAS TADEU;4/3/2016 13:21:00;4/3/2016 20:10:00
DUQUE DE CAXIAS;-22.6264;-43.2377;RJDQC31;CANAL A, S/N - LT 02 QD 26 - JARDIM IMBARIE;5/3/2016 10:15:00;6/3/2016 10:51:37
DUQUE DE CAXIAS;-22.6466;-43.2815;RJDQC10;PROJETADA D, S/N - LOTE 12, QUADRA C - VILA SANTA CRUZ;5/3/2016 23:57:00;6/3/2016 09:52:02
DUQUE DE CAXIAS;-22.6687;-43.2669;RJDQC21;MARCO AURELIO, 1265 - VILA MARIA HELENA;7/3/2016 12:08:00;8/3/2016 12:24:11
DUQUE DE CAXIAS;-22.65793;-43.2863;RJDQC66;CREPUSCULO, 133 - VILA SAO JUDAS TADEU;7/3/2016 13:12:00;7/3/2016 20:06:08
DUQUE DE CAXIAS;-22.6863;-43.2555;RJDQC11;ASSUREMA, S/N -  LOTE 20, QUADRA 03 - PARQUE CHUNO;7/3/2016 16:09:00;8/3/2016 12:23:52
DUQUE DE CAXIAS;-22.7783;-43.2997;RJDQC01;ITAMARACA, 277 - VILA ITATIAIA;9/3/2016 00:39:00;9/3/2016 11:55:38
DUQUE DE CAXIAS;-22.635805;-43.2435;RJDQCA4;CATULO CEARENSE, QUADRA 40 LOTE 29 - BAIRRO BRANCO;9/3/2016 17:39:13;10/3/2016 08:37:07
DUQUE DE CAXIAS;-22.7011;-43.2467;RJDQC27;ERVALIA, S/N - LOTE 26, QUADRA 32 - PARQUE BOM RETIRO;9/3/2016 22:25:00;10/3/2016 08:40:34
DUQUE DE CAXIAS;-22.7558;-43.3158;RJDQC36;JOT?O, S/N - JARDIM LEAL;10/3/2016 03:11:00;10/3/2016 12:38:38
DUQUE DE CAXIAS;-22.6863;-43.2555;RJDQC11;ASSUREMA, S/N -  LOTE 20, QUADRA 03 - PARQUE CHUNO;11/3/2016 12:49:00;11/3/2016 20:55:56
DUQUE DE CAXIAS;-22.6075;-43.2842;RJDQC09;MANOEL PEREIRA, S/N - XEREM;16/3/2016 20:35:00;16/3/2016 21:43:00
DUQUE DE CAXIAS;-22.6863;-43.2555;RJDQC11;ASSUREMA, S/N -  LOTE 20, QUADRA 03 - PARQUE CHUNO;23/3/2016 23:29:00;24/3/2016 12:34:08
DUQUE DE CAXIAS;-22.7011;-43.2467;RJDQC27;ERVALIA, S/N - LOTE 26, QUADRA 32 - PARQUE BOM RETIRO;31/3/2016 23:38:00;1/4/2016 12:59:16
DUQUE DE CAXIAS;-22.6687;-43.2669;RJDQC21;MARCO AURELIO, 1265 - VILA MARIA HELENA;1/4/2016 12:31:00;1/4/2016 17:30:00
DUQUE DE CAXIAS;-22.625267;-43.2852;RJDQC46;SABA, S/N - JARDIM OLIMPO;1/4/2016 20:12:00;1/4/2016 22:18:55
DUQUE DE CAXIAS;-22.6075;-43.2842;RJDQC09;MANOEL PEREIRA, S/N - XEREM;1/4/2016 20:45:00;1/4/2016 22:18:51
DUQUE DE CAXIAS;-22.6264;-43.2377;RJDQC31;CANAL A, S/N - LT 02 QD 26 - JARDIM IMBARIE;3/4/2016 10:40:00;3/4/2016 14:50:00
DUQUE DE CAXIAS;-22.7011;-43.2467;RJDQC27;ERVALIA, S/N - LOTE 26, QUADRA 32 - PARQUE BOM RETIRO;4/4/2016 22:45:00;5/4/2016 11:38:38
DUQUE DE CAXIAS;-22.77962;-43.28967;RJDQC47;MARTINS PENA, 446 - VILA SAO LUIS;5/4/2016 01:15:00;5/4/2016 11:38:37
DUQUE DE CAXIAS;-22.64216;-43.23634;RJDQC92;JULIO DE CASTILHO, S/N - JARDIM ANHANGA;5/4/2016 16:02:00;5/4/2016 20:20:00
ENGENHEIRO PAULO DE FRONTIN;-22.4738;-43.5807;RJEPF02;C, S/N - MORRO AZUL;24/2/2016 19:04:45;25/2/2016 02:35:00
ENGENHEIRO PAULO DE FRONTIN;-22.4738;-43.5807;RJEPF02;C, S/N - MORRO AZUL;29/2/2016 20:45:24;2/3/2016 08:35:14
ENGENHEIRO PAULO DE FRONTIN;-22.4738;-43.5807;RJEPF02;C, S/N - MORRO AZUL;17/3/2016 09:47:14;17/3/2016 13:46:50
GUAPIMIRIM;-22.51424;-42.97524;RJGPM02;CRISAOV?O BARNABE, S/N - JARDIM SOBERBO;31/1/2016 15:43:00;1/2/2016 20:55:38
GUAPIMIRIM;-22.559468;-42.990765;RJGPM03;FRANCISAO BUARQUE, S/N - CAPIM;25/2/2016 22:32:00;25/2/2016 23:00:00
GUAPIMIRIM;-22.6625;-42.9949;RJMAG10;TRINTA, LOTE 15, QUADRA 166 - VALE DAS PEDRINHAS;29/2/2016 20:18:00;2/3/2016 08:33:56
ITABORAI;-22.728056;-42.828611;RJITB08;FLAVIO VASAONCELOS, S/N - QUADRA 2 - LOTE 17 - ESPERANCA;1/1/2016 15:16:00;2/1/2016 11:25:00
ITABORAI;-22.75002;-42.86915;RJITB15;MIGUEL DA SILVA, S/N - RIO VARZEA;2/1/2016 13:56:00;2/1/2016 20:07:00
ITABORAI;-22.7833;-42.9372;RJITB03;PROJETADA 2, S/N - MARAMBAIA;6/1/2016 05:40:29;6/1/2016 07:23:49
ITABORAI;-22.7833;-42.9372;RJITB03;PROJETADA 2, S/N - MARAMBAIA;6/1/2016 10:07:47;6/1/2016 12:57:00
ITABORAI;-22.75735;-42.85776;RJITB11;RAIMUNDO DE FARIAS, 13 - AMPLIAC?O;17/1/2016 16:43:00;17/1/2016 20:10:12
ITABORAI;-22.75735;-42.85776;RJITB11;RAIMUNDO DE FARIAS, 13 - AMPLIAC?O;18/1/2016 02:02:00;18/1/2016 10:35:00
ITABORAI;-22.75735;-42.85776;RJITB11;RAIMUNDO DE FARIAS, 13 - AMPLIAC?O;21/1/2016 08:22:00;22/1/2016 10:40:00
ITABORAI;-22.75735;-42.85776;RJITB11;RAIMUNDO DE FARIAS, 13 - AMPLIAC?O;23/1/2016 22:48:00;24/1/2016 09:43:24
ITABORAI;-22.734;-42.8055;RJITB04;CENTRO COMERCIAL SANTA ROSA, S/N - DUQUES;24/1/2016 08:22:00;24/1/2016 11:30:00
ITABORAI;-22.756;-42.8937;RJITB05;DOUTOR LEAL JUNIOR, S/N - LOTE 23, QUADRA 03 - RETIRO SAO JOAQUIM;26/1/2016 15:39:00;26/1/2016 19:00:00
ITABORAI;-22.77579;-42.92148;RJITB14;01, S/N - ITABORAI;28/1/2016 16:55:00;28/1/2016 20:18:00
ITABORAI;-22.72845;-42.85859;RJITB18;ALVA TAVARES DE ALMEIDA, S/N - LOTEAMENTO CAMPO LINDO;28/1/2016 17:29:00;28/1/2016 20:21:00
ITABORAI;-22.6822;-42.7766;RJITBR1;RJ 116 - KM 07, S/N - SAMBAETIBA;28/1/2016 19:27:00;28/1/2016 20:55:00
ITABORAI;-22.72845;-42.85859;RJITB18;ALVA TAVARES DE ALMEIDA, S/N - LOTEAMENTO CAMPO LINDO;1/2/2016 12:08:00;1/2/2016 20:54:35
ITABORAI;-22.756;-42.8937;RJITB05;DOUTOR LEAL JUNIOR, S/N - LOTE 23, QUADRA 03 - RETIRO SAO JOAQUIM;2/2/2016 12:18:00;3/2/2016 10:59:57
ITABORAI;-22.72845;-42.85859;RJITB18;ALVA TAVARES DE ALMEIDA, S/N - LOTEAMENTO CAMPO LINDO;3/2/2016 01:09:00;3/2/2016 10:59:43
ITABORAI;-22.7092;-42.893;RJITB09;MANOEL MOREL PECANHA, S/N - VISAONDE DE ITABORAI;6/2/2016 22:48:00;7/2/2016 10:20:14
ITABORAI;-22.7092;-42.893;RJITB09;MANOEL MOREL PECANHA, S/N - VISAONDE DE ITABORAI;11/2/2016 00:32:00;11/2/2016 10:16:00
ITABORAI;-22.756;-42.8937;RJITB05;DOUTOR LEAL JUNIOR, S/N - LOTE 23, QUADRA 03 - RETIRO SAO JOAQUIM;7/3/2016 13:46:00;8/3/2016 12:23:58
ITABORAI;-22.7092;-42.893;RJITB09;MANOEL MOREL PECANHA, S/N - VISAONDE DE ITABORAI;8/3/2016 08:00:00;8/3/2016 11:01:07
ITABORAI;-22.7092;-42.893;RJITB09;MANOEL MOREL PECANHA, S/N - VISAONDE DE ITABORAI;8/3/2016 21:27:00;8/3/2016 22:42:02
ITABORAI;-22.756;-42.8937;RJITB05;DOUTOR LEAL JUNIOR, S/N - LOTE 23, QUADRA 03 - RETIRO SAO JOAQUIM;9/3/2016 17:13:00;10/3/2016 12:38:44
ITABORAI;-22.75002;-42.86915;RJITB15;MIGUEL DA SILVA, S/N - RIO VARZEA;18/3/2016 17:03:00;18/3/2016 22:58:00
ITABORAI;-22.72845;-42.85859;RJITB18;ALVA TAVARES DE ALMEIDA, S/N - LOTEAMENTO CAMPO LINDO;24/3/2016 00:33:00;24/3/2016 13:30:00
ITABORAI;-22.756;-42.8937;RJITB05;DOUTOR LEAL JUNIOR, S/N - LOTE 23, QUADRA 03 - RETIRO SAO JOAQUIM;29/3/2016 13:03:00;29/3/2016 14:34:17
ITABORAI;-22.756;-42.8937;RJITB05;DOUTOR LEAL JUNIOR, S/N - LOTE 23, QUADRA 03 - RETIRO SAO JOAQUIM;31/3/2016 18:36:00;1/4/2016 15:47:00
ITABORAI;-22.7092;-42.893;RJITB09;MANOEL MOREL PECANHA, S/N - VISAONDE DE ITABORAI;1/4/2016 03:35:00;1/4/2016 13:11:32
ITAGUAI;-22.916777;-43.813388;RJITG13;FELIX LOPES COELHO, S/N - ILHA DA MADEIRA;10/1/2016 09:14:59;10/1/2016 10:33:36
ITAOCARA;-21.6709;-42.0829;RJITC01;PROJETADA, S/N - MORRO DE SAO JOAO;22/2/2016 06:10:36;23/2/2016 08:52:38
ITAOCARA;-21.6709;-42.0829;RJITC01;PROJETADA, S/N - MORRO DE SAO JOAO;22/2/2016 06:11:00;23/2/2016 08:54:52
ITAOCARA;-21.6709;-42.0829;RJITC01;PROJETADA, S/N - MORRO DE SAO JOAO;24/3/2016 11:27:56;24/3/2016 16:40:00
ITAOCARA;-21.6709;-42.0829;RJITC01;PROJETADA, S/N - MORRO DE SAO JOAO;24/3/2016 12:05:00;24/3/2016 16:40:00
ITAPERUNA;-21.2017;-42.12;RJLJM01;PRESIDENTE JOAO GOULART, S/N - CHACARA DO CRUZEIRO;28/2/2016 22:36:00;29/2/2016 07:35:38
ITATIAIA;-22.43447;-44.53356;RJITT02;AFRICA, S/N - LOTE 36 - VILA MAGNOLIA;21/1/2016 09:41:00;22/1/2016 07:14:20
ITATIAIA;-22.43447;-44.53356;RJITT02;AFRICA, S/N - LOTE 36 - VILA MAGNOLIA;23/1/2016 19:26:00;23/1/2016 23:51:52
ITATIAIA;-22.43447;-44.53356;RJITT02;AFRICA, S/N - LOTE 36 - VILA MAGNOLIA;23/1/2016 21:53:00;24/1/2016 02:00:41
ITATIAIA;-22.43447;-44.53356;RJITT02;AFRICA, S/N - LOTE 36 - VILA MAGNOLIA;1/2/2016 11:00:00;1/2/2016 15:12:14
ITATIAIA;-22.43447;-44.53356;RJITT02;AFRICA, S/N - LOTE 36 - VILA MAGNOLIA;5/2/2016 11:00:00;5/2/2016 12:33:43
ITATIAIA;-22.43447;-44.53356;RJITT02;AFRICA, S/N - LOTE 36 - VILA MAGNOLIA;9/2/2016 05:44:00;9/2/2016 09:28:15
ITATIAIA;-22.332;-44.5511;RJITT03;DE VISAONDE DE MAUA, 4 - MAROMBA;9/2/2016 06:02:00;9/2/2016 09:29:23
ITATIAIA;-22.43447;-44.53356;RJITT02;AFRICA, S/N - LOTE 36 - VILA MAGNOLIA;11/2/2016 00:44:00;11/2/2016 10:28:07
ITATIAIA;-22.43447;-44.53356;RJITT02;AFRICA, S/N - LOTE 36 - VILA MAGNOLIA;15/2/2016 16:02:00;15/2/2016 18:05:00
ITATIAIA;-22.49831;-44.56788;RJITT01;ESMERALDA, S/N - VILA MAGNOLIA;26/3/2016 01:06:00;26/3/2016 11:35:46
ITATIAIA;-22.43447;-44.53356;RJITT02;AFRICA, S/N - LOTE 36 - VILA MAGNOLIA;27/3/2016 21:04:00;28/3/2016 11:00:00
JAPERI;-22.69472;-43.59361;RJJPR03;ATENAS, S/N - GUARANI;4/1/2016 23:08:34;6/1/2016 12:57:00
JAPERI;-22.65011;-43.60313;RJJPR04;ARY SCHIAVO, 1026 - VILA NOSSA SENHORA DA CONCEIC?O;26/1/2016 14:23:00;26/1/2016 17:40:00
JAPERI;-22.65011;-43.60313;RJJPR04;ARY SCHIAVO, 1026 - VILA NOSSA SENHORA DA CONCEIC?O;4/2/2016 09:42:00;5/2/2016 07:22:53
JAPERI;-22.65011;-43.60313;RJJPR04;ARY SCHIAVO, 1026 - VILA NOSSA SENHORA DA CONCEIC?O;16/2/2016 21:56:00;17/2/2016 12:56:00
JAPERI;-22.67196;-43.60919;RJJPR06;DAS AMENDOEIRAS, S/N - ENGENHEIRO PEDREIRA;21/2/2016 20:38:00;25/2/2016 01:54:52
JAPERI;-22.6777;-43.5994;RJJPR05;ROBERTO BANDEIRA, S/N - JARDIM WILLIS;23/2/2016 13:03:00;23/2/2016 21:00:21
JAPERI;-22.65011;-43.60313;RJJPR04;ARY SCHIAVO, 1026 - VILA NOSSA SENHORA DA CONCEIC?O;25/2/2016 18:22:00;27/2/2016 08:30:33
JAPERI;-22.69472;-43.59361;RJJPR03;ATENAS, S/N - GUARANI;10/3/2016 14:39:00;10/3/2016 20:26:00
JAPERI;-22.6777;-43.5994;RJJPR05;ROBERTO BANDEIRA, S/N - JARDIM WILLIS;10/3/2016 16:27:00;10/3/2016 20:26:00
JAPERI;-22.65011;-43.60313;RJJPR04;ARY SCHIAVO, 1026 - VILA NOSSA SENHORA DA CONCEIC?O;26/3/2016 20:47:00;27/3/2016 12:39:47
MACAE;-22.38456;-41.78514;RJMCE27;LEOPOLDINA ARAUJO, 672 - VISAONDE DE ARAUJO;1/1/2016 21:46:41;2/1/2016 09:48:04
MACAE;-22.290001;-41.713329;RJMCE06;AMARAL PEIXOTO, S/N - PRAIA CAMPISTA;15/1/2016 13:10:00;16/1/2016 19:22:14
MACAE;-22.3965;-41.7925;RJMCE02;ARTHUR BROCHADO, 102 - RIVIERA FLUMINENSE;22/1/2016 13:54:00;22/1/2016 15:35:00
MACAE;-22.3894;-41.7918;RJMCE14;DOS JURITIS, S/N - RIVIERA FLUMINENSE;27/1/2016 23:21:19;28/1/2016 12:19:07
MACAE;-22.38456;-41.78514;RJMCE27;LEOPOLDINA ARAUJO, 672 - VISAONDE DE ARAUJO;28/1/2016 03:40:00;28/1/2016 12:18:57
MACAE;-22.2394;-42.0574;RJMCE17;LAURO GONCALVES PACHECO, 981 - GLICERIO;28/1/2016 03:40:00;28/1/2016 12:18:51
MACAE;-22.290001;-41.713329;RJMCE06;AMARAL PEIXOTO, S/N - PRAIA CAMPISTA;31/1/2016 14:18:56;1/2/2016 01:46:08
MACAE;-22.3894;-41.7918;RJMCE14;DOS JURITIS, S/N - RIVIERA FLUMINENSE;31/1/2016 21:48:49;1/2/2016 20:55:25
MACAE;-22.3894;-41.7918;RJMCE14;DOS JURITIS, S/N - RIVIERA FLUMINENSE;16/2/2016 21:58:49;17/2/2016 10:55:32
MACAE;-22.3894;-41.7918;RJMCE14;DOS JURITIS, S/N - RIVIERA FLUMINENSE;27/2/2016 00:24:34;27/2/2016 03:30:09
MACAE;-22.3894;-41.7918;RJMCE14;DOS JURITIS, S/N - RIVIERA FLUMINENSE;12/3/2016 02:36:05;12/3/2016 11:26:44
MACAE;-22.3894;-41.7918;RJMCE14;DOS JURITIS, S/N - RIVIERA FLUMINENSE;19/3/2016 13:03:52;19/3/2016 17:28:37
MACAE;-22.2358;-41.783;RJMCER2;BR101, S/N - VILA DE CABIUNAS;6/4/2016 14:59:00;7/4/2016 16:20:00
MACUCO;-21.9839;-42.2873;RJCTG03;DA ALVORADA, S/N - EUCLIDELANDIA;2/1/2016 20:11:00;4/1/2016 10:44:36
MACUCO;-21.9879;-42.25235;RJMCC01;CHAFI ZARIFE, 2 - CENTRO;3/1/2016 02:31:00;4/1/2016 10:44:33
MACUCO;-21.9839;-42.2873;RJCTG03;DA ALVORADA, S/N - EUCLIDELANDIA;12/1/2016 06:23:00;12/1/2016 20:19:58
MACUCO;-21.9839;-42.2873;RJCTG03;DA ALVORADA, S/N - EUCLIDELANDIA;18/1/2016 13:05:00;18/1/2016 19:47:27
MACUCO;-21.9839;-42.2873;RJCTG03;DA ALVORADA, S/N - EUCLIDELANDIA;17/2/2016 13:03:00;17/2/2016 15:30:00
MACUCO;-21.9839;-42.2873;RJCTG03;DA ALVORADA, S/N - EUCLIDELANDIA;21/2/2016 01:10:00;21/2/2016 13:41:15
MACUCO;-21.9839;-42.2873;RJCTG03;DA ALVORADA, S/N - EUCLIDELANDIA;28/2/2016 23:08:00;29/2/2016 07:36:42
MACUCO;-21.9879;-42.25235;RJMCC01;CHAFI ZARIFE, 2 - CENTRO;6/3/2016 08:51:00;6/3/2016 15:27:32
MACUCO;-21.9839;-42.2873;RJCTG03;DA ALVORADA, S/N - EUCLIDELANDIA;11/3/2016 14:08:00;11/3/2016 20:49:56
MACUCO;-21.9839;-42.2873;RJCTG03;DA ALVORADA, S/N - EUCLIDELANDIA;1/4/2016 06:00:00;1/4/2016 12:59:24
MAGE;-22.64104;-43.22628;RJMAG14;DOM PEDRO SEGUNDO, 85 - VILA EMA;1/1/2016 20:57:00;2/1/2016 12:35:34
MAGE;-22.6642;-43.1207;RJMAG08;EVALDO LUIZ PEREIRA, S/N - ZONA RURAL;5/1/2016 10:16:00;6/1/2016 11:20:13
MAGE;-22.6642;-43.1207;RJMAG08;EVALDO LUIZ PEREIRA, S/N - ZONA RURAL;7/1/2016 10:48:00;8/1/2016 11:39:35
MAGE;-22.6642;-43.1207;RJMAG08;EVALDO LUIZ PEREIRA, S/N - ZONA RURAL;15/1/2016 06:40:00;16/1/2016 16:52:10
MAGE;-22.6642;-43.1207;RJMAG08;EVALDO LUIZ PEREIRA, S/N - ZONA RURAL;23/1/2016 18:51:00;24/1/2016 03:27:03
MAGE;-22.59799;-43.19244;RJMAG23;ALAMEDA JORGINHO, S/N? - JARDIM DO NAZARENO;26/1/2016 12:42:00;26/1/2016 20:28:00
MAGE;-22.61555;-43.03417;RJMAG11;TERESOPOLIS BR 116, S/N - CITROLANDIA;27/1/2016 04:30:00;28/1/2016 03:40:00
MAGE;-22.61555;-43.03417;RJMAG11;TERESOPOLIS BR 116, S/N - CITROLANDIA;28/1/2016 04:12:00;28/1/2016 11:54:39
MAGE;-22.61555;-43.03417;RJMAG11;TERESOPOLIS BR 116, S/N - CITROLANDIA;28/1/2016 20:01:00;28/1/2016 20:49:00
MAGE;-22.6673;-43.0905;RJMAG01;VILA CLAUDIA, S/N - SURUI;15/2/2016 13:48:00;15/2/2016 21:29:55
MAGE;-22.6476;-43.218;RJMAG07;AFONSO PENA, QUADRA 30, LOTE 11 E 12 - VILA SAPE;9/3/2016 16:35:00;10/3/2016 08:38:20
MAGE;-22.64104;-43.22628;RJMAG14;DOM PEDRO SEGUNDO, 85 - VILA EMA;9/3/2016 17:42:00;10/3/2016 08:33:38
MARICA;-22.9567;-42.7803;RJMAK07;55, S/N - PRAIA DAS LAGOAS;2/1/2016 09:33:00;2/1/2016 12:40:00
MARICA;-22.96263;-42.98102;RJMAK05;24, S/N - ITAIPUACU;4/1/2016 12:05:00;4/1/2016 18:59:00
MARICA;-22.96263;-42.98102;RJMAK05;24, S/N - ITAIPUACU;6/1/2016 01:49:00;6/1/2016 11:19:46
MARICA;-22.9688;-42.9154;RJMAK09;116, S/N - JARDIM ATLANTICO;8/1/2016 02:21:43;8/1/2016 11:00:00
MARICA;-22.96263;-42.98102;RJMAK05;24, S/N - ITAIPUACU;8/1/2016 21:50:00;9/1/2016 22:27:41
MARICA;-22.96263;-42.98102;RJMAK05;24, S/N - ITAIPUACU;11/1/2016 02:39:00;12/1/2016 00:19:32
MARICA;-22.8894;-42.7964;RJMAK08;DE UBATIBA, 1801 - UBATIBA;12/1/2016 01:30:48;12/1/2016 20:53:00
MARICA;-22.96263;-42.98102;RJMAK05;24, S/N - ITAIPUACU;21/1/2016 22:53:00;22/1/2016 13:00:00
MARICA;-22.967;-43.0088;RJMAK06;ISALTINA FILOMENA SOARES, S/N - RECANTO;22/1/2016 14:51:00;22/1/2016 20:00:17
MARICA;-22.96263;-42.98102;RJMAK05;24, S/N - ITAIPUACU;22/1/2016 15:07:00;22/1/2016 19:32:00
MARICA;-22.9567;-42.7803;RJMAK07;55, S/N - PRAIA DAS LAGOAS;25/1/2016 21:33:00;26/1/2016 07:14:42
MARICA;-22.9567;-42.7803;RJMAK07;55, S/N - PRAIA DAS LAGOAS;28/1/2016 09:58:00;28/1/2016 15:40:00
MARICA;-22.96263;-42.98102;RJMAK05;24, S/N - ITAIPUACU;30/1/2016 02:46:00;30/1/2016 12:32:21
MARICA;-22.9567;-42.7803;RJMAK07;55, S/N - PRAIA DAS LAGOAS;2/2/2016 03:22:00;3/2/2016 07:51:11
MARICA;-22.967;-43.0088;RJMAK06;ISALTINA FILOMENA SOARES, S/N - RECANTO;7/2/2016 10:22:00;7/2/2016 12:30:00
MARICA;-22.96263;-42.98102;RJMAK05;24, S/N - ITAIPUACU;7/2/2016 11:26:00;7/2/2016 12:10:00
MARICA;-22.9688;-42.9154;RJMAK09;116, S/N - JARDIM ATLANTICO;11/2/2016 00:00:00;11/2/2016 10:16:00
MARICA;-22.8894;-42.7964;RJMAK08;DE UBATIBA, 1801 - UBATIBA;11/2/2016 06:23:00;11/2/2016 10:16:00
MARICA;-22.9567;-42.7803;RJMAK07;55, S/N - PRAIA DAS LAGOAS;25/2/2016 20:42:00;27/2/2016 08:39:33
MARICA;-22.9567;-42.7803;RJMAK07;55, S/N - PRAIA DAS LAGOAS;31/3/2016 15:53:00;1/4/2016 13:12:00
MIGUEL PEREIRA;-22.4779;-43.4958;RJMIP01;LUIZ EUGENIO, 340 - GOVERNADOR PORTELA;3/1/2016 18:07:00;4/1/2016 07:32:52
MIGUEL PEREIRA;-22.4511;-43.4682;RJMIP02;DOUTOR ZIHER, S/N - JARDIM MIGUEL PEREIRA;4/1/2016 11:01:00;4/1/2016 12:54:00
MIGUEL PEREIRA;-22.4779;-43.4958;RJMIP01;LUIZ EUGENIO, 340 - GOVERNADOR PORTELA;7/1/2016 13:44:00;8/1/2016 11:38:18
MIGUEL PEREIRA;-22.4779;-43.4958;RJMIP01;LUIZ EUGENIO, 340 - GOVERNADOR PORTELA;22/1/2016 12:39:00;22/1/2016 16:33:00
MIGUEL PEREIRA;-22.4511;-43.4682;RJMIP02;DOUTOR ZIHER, S/N - JARDIM MIGUEL PEREIRA;22/1/2016 12:39:00;22/1/2016 16:33:00
MIGUEL PEREIRA;-22.4779;-43.4958;RJMIP01;LUIZ EUGENIO, 340 - GOVERNADOR PORTELA;4/3/2016 15:04:00;4/3/2016 16:36:00
MIGUEL PEREIRA;-22.4779;-43.4958;RJMIP01;LUIZ EUGENIO, 340 - GOVERNADOR PORTELA;24/3/2016 00:49:00;24/3/2016 13:35:43
MIGUEL PEREIRA;-22.4511;-43.4682;RJMIP02;DOUTOR ZIHER, S/N - JARDIM MIGUEL PEREIRA;1/4/2016 20:08:51;1/4/2016 21:13:00
MIRACEMA;-21.4105;-42.2003;RJMRC02;SAO BENEDITO, S/N - MORRO DO CRUZEIRO;27/2/2016 00:57:00;27/2/2016 11:00:00
NATIVIDADE;-21.0399;-41.9746;RJNTV01;VILLACA, S/N - MORRO DO AREIAO;9/1/2016 18:36:00;10/1/2016 00:09:59
NATIVIDADE;-21.0399;-41.9746;RJNTV01;VILLACA, S/N - MORRO DO AREIAO;12/1/2016 15:47:00;12/1/2016 20:40:06
NATIVIDADE;-21.0399;-41.9746;RJNTV01;VILLACA, S/N - MORRO DO AREIAO;16/2/2016 01:09:00;17/2/2016 16:18:00
NILOPOLIS;-22.802757;-43.417672;RJNIL07;OSWALDO CRUZ, 115 - CENTRO;25/2/2016 02:18:00;25/2/2016 11:14:40
NILOPOLIS;-22.802757;-43.417672;RJNIL07;OSWALDO CRUZ, 115 - CENTRO;4/4/2016 23:07:00;5/4/2016 11:28:00
NITEROI;-22.88167;-43.10958;RJNIT02;BENJAMIN CONSTANT, 71 - FONSECA;4/1/2016 01:52:00;4/1/2016 10:58:38
NITEROI;-22.8939;-43.1219;RJNIT01;VISAONDE DO URUGUAI, 535 - CENTRO;5/1/2016 14:56:00;6/1/2016 11:20:00
NITEROI;-22.8888;-43.1226;RJNIT59;VISAONDE DE URUGUAI, 315 - CENTRO;5/1/2016 14:57:00;6/1/2016 11:20:02
NITEROI;-22.9161;-43.0894;RJNIT06;PADRE NATUZZI, 85 - SAO FRANCISAO;23/1/2016 19:44:00;24/1/2016 03:42:17
NITEROI;-22.9522;-43.0622;RJNIT41;DOUTOR NILTON VELMOSVITSKY, S/N - CAMBOINHAS;24/1/2016 00:31:00;24/1/2016 13:12:00
NITEROI;-22.9161;-43.0894;RJNIT06;PADRE NATUZZI, 85 - SAO FRANCISAO;30/1/2016 15:46:00;30/1/2016 19:12:00
NITEROI;-22.9046;-43.052;RJNIT10;CAETANO MONTEIRO, 1153 - PENDOTIBA;8/2/2016 22:13:00;9/2/2016 00:50:46
NITEROI;-22.9161;-43.0894;RJNIT06;PADRE NATUZZI, 85 - SAO FRANCISAO;11/2/2016 06:29:00;11/2/2016 14:03:00
NITEROI;-22.9046;-43.052;RJNIT10;CAETANO MONTEIRO, 1153 - PENDOTIBA;13/2/2016 08:45:00;13/2/2016 13:11:00
NITEROI;-22.9161;-43.0894;RJNIT06;PADRE NATUZZI, 85 - SAO FRANCISAO;20/2/2016 22:33:00;21/2/2016 13:41:24
NITEROI;-22.88167;-43.10958;RJNIT02;BENJAMIN CONSTANT, 71 - FONSECA;21/2/2016 01:19:00;21/2/2016 13:41:13
NITEROI;-22.8875;-43.1169;RJNIT12;XAVIER DE BRITO, 22 - CENTRO;24/2/2016 19:29:00;25/2/2016 11:17:31
NITEROI;-22.8875;-43.1169;RJNIT12;XAVIER DE BRITO, 22 - CENTRO;25/2/2016 11:31:00;25/2/2016 19:00:00
NITEROI;-22.88167;-43.10958;RJNIT02;BENJAMIN CONSTANT, 71 - FONSECA;28/2/2016 09:28:00;29/2/2016 11:00:00
NITEROI;-22.9046;-43.052;RJNIT10;CAETANO MONTEIRO, 1153 - PENDOTIBA;29/2/2016 21:30:00;2/3/2016 08:36:15
NITEROI;-22.9161;-43.0894;RJNIT06;PADRE NATUZZI, 85 - SAO FRANCISAO;1/3/2016 11:22:00;2/3/2016 08:46:01
NITEROI;-22.9522;-43.0622;RJNIT41;DOUTOR NILTON VELMOSVITSKY, S/N - CAMBOINHAS;2/3/2016 01:00:00;2/3/2016 04:52:15
NITEROI;-22.9522;-43.0622;RJNIT41;DOUTOR NILTON VELMOSVITSKY, S/N - CAMBOINHAS;2/3/2016 16:41:00;2/3/2016 21:39:00
NITEROI;-22.885;-43.124444;RJNIT33;VISAONDE DO RIO BRANCO, 51 - CENTRO;4/3/2016 01:01:00;4/3/2016 12:14:00
NITEROI;-22.906;-43.1314;RJNIT36;EDMUNDO MARCH, 2 - BOA VIAGEM;11/3/2016 08:44:00;11/3/2016 15:11:52
NITEROI;-22.9161;-43.0894;RJNIT06;PADRE NATUZZI, 85 - SAO FRANCISAO;24/3/2016 01:07:00;24/3/2016 14:01:31
NITEROI;-22.9046;-43.052;RJNIT10;CAETANO MONTEIRO, 1153 - PENDOTIBA;24/3/2016 01:17:00;24/3/2016 14:01:34
NOVA FRIBURGO;-22.255;-42.6892;RJNFRR3;TERESOPOLIS-FRIBURGO, S/N - CONQUISTA;2/1/2016 11:49:00;4/1/2016 07:55:15
NOVA FRIBURGO;-22.3073;-42.5251;RJNFR08;ANTIGA LINHA FERREA, 1000 - MURY;2/1/2016 18:31:00;4/1/2016 10:44:42
NOVA FRIBURGO;-22.255;-42.6892;RJNFRR3;TERESOPOLIS-FRIBURGO, S/N - CONQUISTA;3/1/2016 23:46:43;4/1/2016 03:09:30
NOVA FRIBURGO;-22.3505;-42.3217;RJNFR13;NAZARIO MONTEZUMA, S/N - LUMIAR;6/1/2016 10:20:00;6/1/2016 14:53:00
NOVA FRIBURGO;-22.3505;-42.3217;RJNFR13;NAZARIO MONTEZUMA, S/N - LUMIAR;22/1/2016 13:59:00;22/1/2016 17:42:19
NOVA FRIBURGO;-22.3505;-42.3217;RJNFR13;NAZARIO MONTEZUMA, S/N - LUMIAR;12/2/2016 18:07:00;13/2/2016 08:49:44
NOVA FRIBURGO;-22.3505;-42.3217;RJNFR13;NAZARIO MONTEZUMA, S/N - LUMIAR;15/2/2016 23:05:00;17/2/2016 14:50:34
NOVA FRIBURGO;-22.3362;-42.5153;RJNFR09;SILVIO GONCALVES DA ROSA, 81 - MURY;18/2/2016 22:36:00;19/2/2016 07:59:47
NOVA FRIBURGO;-22.3505;-42.3217;RJNFR13;NAZARIO MONTEZUMA, S/N - LUMIAR;25/2/2016 23:20:00;27/2/2016 08:44:44
NOVA FRIBURGO;-22.27247;-42.50581;RJNFR12;HELIO SILVA CANTO, S/N - ALTO DAS BRAUNES;27/2/2016 20:16:00;29/2/2016 08:08:05
NOVA FRIBURGO;-22.2858;-42.5333;RJNFR01;COMANDANTE DE BITTENCOURT, 20 - CENTRO;5/3/2016 11:50:17;6/3/2016 14:50:00
NOVA FRIBURGO;-22.2858;-42.5333;RJNFR01;COMANDANTE DE BITTENCOURT, 20 - CENTRO;7/3/2016 13:52:22;8/3/2016 12:23:56
NOVA FRIBURGO;-22.2475;-42.5235;RJNFR03;VEREADOR JOAO AUGUSTINHO ALVES DA COSTA, 57 - CENTRO;8/3/2016 02:53:00;8/3/2016 12:23:48
NOVA FRIBURGO;-22.2872;-42.5153;RJNFR07;VILA REPOS, S/N - BRAUNES;17/3/2016 22:03:00;18/3/2016 11:55:36
NOVA FRIBURGO;-22.255;-42.6892;RJNFRR3;TERESOPOLIS-FRIBURGO, S/N - CONQUISTA;24/3/2016 13:05:00;25/3/2016 12:19:16
NOVA FRIBURGO;-22.3505;-42.3217;RJNFR13;NAZARIO MONTEZUMA, S/N - LUMIAR;31/3/2016 19:04:00;31/3/2016 22:18:00
NOVA IGUACU;-22.757889;-43.4625;RJNIGA4;HUMBERTO DE CAMPOS, LOTE 3 - LUZ;10/1/2016 01:13:29;10/1/2016 11:40:00
NOVA IGUACU;-22.6776;-43.4533;RJNIG22;ARLINDA, 286 - VILA DE CAVA;13/1/2016 21:07:00;14/1/2016 02:47:27
NOVA IGUACU;-22.7354;-43.4455;RJNIG51;F, S/N - POSSE;20/1/2016 11:26:00;20/1/2016 18:50:00
NOVA IGUACU;-22.7603;-43.4483;RJNIG45;DOUTOR LUIZ GUIMAR?ES, 85 - CENTRO;24/1/2016 12:27:00;24/1/2016 21:37:00
NOVA IGUACU;-22.730556;-43.469444;RJNIG44;RUTE, S/N - OLIVEIRA;27/1/2016 13:22:17;28/1/2016 12:24:00
NOVA IGUACU;-22.7154;-43.4281;RJNIG43;JACARANDA, S/N - BARAO DE GUANDU;27/1/2016 14:09:00;28/1/2016 12:24:00
NOVA IGUACU;-22.757889;-43.4625;RJNIGA4;HUMBERTO DE CAMPOS, LOTE 3 - LUZ;2/2/2016 22:14:49;3/2/2016 11:33:00
NOVA IGUACU;-22.788075;-43.408093;RJNIG90;KIEL, 26 - BANCO DE AREIA;13/2/2016 01:21:00;13/2/2016 10:06:00
NOVA IGUACU;-22.7603;-43.4483;RJNIG45;DOUTOR LUIZ GUIMAR?ES, 85 - CENTRO;21/2/2016 12:23:46;21/2/2016 21:32:40
NOVA IGUACU;-22.7603;-43.4483;RJNIG45;DOUTOR LUIZ GUIMAR?ES, 85 - CENTRO;21/2/2016 12:25:00;21/2/2016 21:32:38
NOVA IGUACU;-22.7115;-43.438;RJNIG20;ERMELINDA, 131 - MIGUEL COUTO;24/2/2016 23:36:00;25/2/2016 01:47:11
NOVA IGUACU;-22.7154;-43.4281;RJNIG43;JACARANDA, S/N - BARAO DE GUANDU;5/3/2016 12:59:00;5/3/2016 20:43:00
NOVA IGUACU;-22.73096;-43.47951;RJNIG83;PASAOR LUTHER KING, 34 - BERNARDO KELNER;5/3/2016 14:58:00;6/3/2016 02:41:19
NOVA IGUACU;-22.7644;-43.4285;RJNIG01;MACHADO DE ASSIS, 346 - IMPERADOR;5/3/2016 14:58:00;6/3/2016 02:44:34
NOVA IGUACU;-22.7195;-43.4546;RJNIG40;DA PROCLAMAC?O, 227 - PARQUE FLORA;5/3/2016 15:01:00;6/3/2016 02:46:22
NOVA IGUACU;-22.69651;-43.45709;RJNIG55;SEMPREVIVA, 60 - VILA FORMOSA;10/3/2016 14:04:00;10/3/2016 17:03:00
NOVA IGUACU;-22.7022;-43.5256;RJNIG28;ZENO SOARES, S/N - VILA GUIMAR?ES;18/3/2016 12:59:00;18/3/2016 13:54:00
NOVA IGUACU;-22.7612;-43.5198;RJNIG25;ANA TEODORO DO AMARAL, S/N - JARDIM PALMARES;2/4/2016 23:53:11;3/4/2016 09:25:00
PARACAMBI;-22.6991;-43.7583;RJPIRR1;RODOVIA PRESIDENTE DUTRA, S/N - CABRAL;2/2/2016 22:17:00;3/2/2016 07:52:20
PARACAMBI;-22.60411;-43.7018;RJPRB04;03, S/N, LOTE 4, QUADRA A - CAMINHO DA SERRA;14/2/2016 22:07:24;15/2/2016 09:19:12
PARACAMBI;-22.60411;-43.7018;RJPRB04;03, S/N, LOTE 4, QUADRA A - CAMINHO DA SERRA;23/2/2016 11:36:18;23/2/2016 14:17:13
PARACAMBI;-22.6136;-43.715;RJPRB01;DA FLORESTA, S/N - CENTRO;23/2/2016 11:37:00;23/2/2016 14:17:08
PARACAMBI;-22.6991;-43.7583;RJPIRR1;RODOVIA PRESIDENTE DUTRA, S/N - CABRAL;23/2/2016 11:37:00;23/2/2016 14:17:10
PARACAMBI;-22.626889;-43.70275;RJPRB03;FRANCISAO GUIDA, 274 - LAGES;23/2/2016 11:39:00;23/2/2016 14:17:06
PARACAMBI;-22.60411;-43.7018;RJPRB04;03, S/N, LOTE 4, QUADRA A - CAMINHO DA SERRA;23/2/2016 14:19:39;23/2/2016 15:02:28
PARACAMBI;-22.60411;-43.7018;RJPRB04;03, S/N, LOTE 4, QUADRA A - CAMINHO DA SERRA;25/2/2016 18:03:53;25/2/2016 22:22:17
PARACAMBI;-22.626889;-43.70275;RJPRB03;FRANCISAO GUIDA, 274 - LAGES;25/2/2016 18:07:00;25/2/2016 22:22:15
PARACAMBI;-22.6136;-43.715;RJPRB01;DA FLORESTA, S/N - CENTRO;25/2/2016 18:11:00;25/2/2016 22:22:13
PARACAMBI;-22.60411;-43.7018;RJPRB04;03, S/N, LOTE 4, QUADRA A - CAMINHO DA SERRA;25/2/2016 22:05:59;25/2/2016 22:49:00
PARAIBA DO SUL;-22.1774;-43.3337;RJPSUR1;BR 393 LE, KM 188 - CANAVIAL;1/1/2016 21:24:00;2/1/2016 12:35:33
PARAIBA DO SUL;-22.1645;-43.2962;RJPSU01;LUIZ NEVES, 400 - PALHAS;2/1/2016 04:32:00;2/1/2016 15:37:23
PARAIBA DO SUL;-22.1645;-43.2962;RJPSU01;LUIZ NEVES, 400 - PALHAS;9/1/2016 21:44:00;10/1/2016 08:14:26
PARAIBA DO SUL;-22.200378;-43.366648;RJPSU06;BR 393, KM 193 - VIEIRA CORTEZ;12/1/2016 04:31:00;12/1/2016 20:20:00
PARAIBA DO SUL;-22.2245;-43.312;RJPSU02;PORCINA FONSECA DE MORAES, S/N - WERNECK;16/1/2016 03:33:00;16/1/2016 19:22:08
PARAIBA DO SUL;-22.2245;-43.312;RJPSU02;PORCINA FONSECA DE MORAES, S/N - WERNECK;21/1/2016 11:33:00;22/1/2016 10:42:00
PARAIBA DO SUL;-22.1774;-43.3337;RJPSUR1;BR 393 LE, KM 188 - CANAVIAL;27/1/2016 20:51:00;28/1/2016 03:28:51
PARAIBA DO SUL;-22.1645;-43.2962;RJPSU01;LUIZ NEVES, 400 - PALHAS;18/2/2016 19:26:00;19/2/2016 07:41:45
PARAIBA DO SUL;-22.1645;-43.2962;RJPSU01;LUIZ NEVES, 400 - PALHAS;28/2/2016 23:13:00;29/2/2016 07:30:04
PARAIBA DO SUL;-22.1774;-43.3337;RJPSUR1;BR 393 LE, KM 188 - CANAVIAL;7/3/2016 10:25:00;8/3/2016 12:24:29
PARAIBA DO SUL;-22.1774;-43.3337;RJPSUR1;BR 393 LE, KM 188 - CANAVIAL;11/3/2016 10:10:00;11/3/2016 14:01:51
PARAIBA DO SUL;-22.1967;-43.167;RJARER1;BR 040, S/N - BARRA FAGUNDES;17/3/2016 02:35:00;17/3/2016 12:21:55
PARAIBA DO SUL;-22.2245;-43.312;RJPSU02;PORCINA FONSECA DE MORAES, S/N - WERNECK;20/3/2016 16:39:00;20/3/2016 18:57:00
PARAIBA DO SUL;-22.1967;-43.167;RJARER1;BR 040, S/N - BARRA FAGUNDES;30/3/2016 08:21:00;30/3/2016 12:20:00
PARAIBA DO SUL;-22.1645;-43.2962;RJPSU01;LUIZ NEVES, 400 - PALHAS;31/3/2016 06:26:00;1/4/2016 12:59:22
PARAIBA DO SUL;-22.1774;-43.3337;RJPSUR1;BR 393 LE, KM 188 - CANAVIAL;4/4/2016 23:42:00;5/4/2016 11:36:01
PARATI;-23.215;-44.7146;RJPRT01;DO CEMITERIO, S/N - CABORE;1/1/2016 23:21:00;2/1/2016 14:10:57
PARATI;-23.2173;-44.7366;RJPRT05;DO CORISAO, S/N - CENTRO;2/1/2016 23:37:00;4/1/2016 07:20:55
PARATI;-23.215;-44.7146;RJPRT01;DO CEMITERIO, S/N - CABORE;10/1/2016 01:25:00;10/1/2016 10:25:56
PARATI;-23.0457;-44.6016;RJPRTR3;BR 101 - KM 563, S/N - TARITUBA;12/1/2016 03:33:00;12/1/2016 15:28:00
PARATI;-23.215;-44.7146;RJPRT01;DO CEMITERIO, S/N - CABORE;13/1/2016 14:09:00;14/1/2016 03:13:18
PARATI;-23.33666;-44.68047;RJPRT04;DA GLEBA VERMELHA, S/N - LARANJEIRAS;22/1/2016 13:54:00;22/1/2016 19:36:26
PARATI;-23.351;-44.7247;RJPRT03;SOBRAL PINTO, S/N - TRINDADE;22/1/2016 13:54:00;22/1/2016 19:36:24
PARATI;-23.26947;-44.68359;RJPRTR2;BR 101 - KM 585, S/N - ITATINGA;22/1/2016 13:55:00;22/1/2016 19:36:03
PARATI;-23.351;-44.7247;RJPRT03;SOBRAL PINTO, S/N - TRINDADE;26/1/2016 11:28:00;26/1/2016 21:54:05
PARATI;-23.215;-44.7146;RJPRT01;DO CEMITERIO, S/N - CABORE;30/1/2016 00:09:00;30/1/2016 09:09:35
PARATI;-23.215;-44.7146;RJPRT01;DO CEMITERIO, S/N - CABORE;30/1/2016 11:00:00;30/1/2016 19:28:00
PARATI;-23.215;-44.7146;RJPRT01;DO CEMITERIO, S/N - CABORE;31/1/2016 16:16:00;1/2/2016 20:55:36
PARATI;-23.215;-44.7146;RJPRT01;DO CEMITERIO, S/N - CABORE;2/2/2016 12:26:00;3/2/2016 11:49:00
PARATI;-23.215;-44.7146;RJPRT01;DO CEMITERIO, S/N - CABORE;4/2/2016 10:25:00;5/2/2016 07:30:31
PARATI;-23.215;-44.7146;RJPRT01;DO CEMITERIO, S/N - CABORE;5/2/2016 10:12:00;5/2/2016 20:37:24
PARATI;-23.0252;-44.5456;RJPRT02;BR 101(RIO-SANTOS) - KM 147, S/N - MAMBUCABA;11/2/2016 00:12:00;11/2/2016 11:43:55
PARATI;-23.215;-44.7146;RJPRT01;DO CEMITERIO, S/N - CABORE;11/2/2016 01:50:00;11/2/2016 11:43:26
PARATI;-23.215;-44.7146;RJPRT01;DO CEMITERIO, S/N - CABORE;12/2/2016 16:48:00;13/2/2016 08:57:11
PARATI;-23.215;-44.7146;RJPRT01;DO CEMITERIO, S/N - CABORE;21/2/2016 16:03:00;21/2/2016 20:04:00
PARATI;-23.215;-44.7146;RJPRT01;DO CEMITERIO, S/N - CABORE;25/2/2016 04:44:00;25/2/2016 13:19:00
PARATI;-23.215;-44.7146;RJPRT01;DO CEMITERIO, S/N - CABORE;25/2/2016 13:49:00;25/2/2016 18:45:00
PARATI;-23.351;-44.7247;RJPRT03;SOBRAL PINTO, S/N - TRINDADE;28/2/2016 17:34:00;29/2/2016 11:46:33
PARATI;-23.26947;-44.68359;RJPRTR2;BR 101 - KM 585, S/N - ITATINGA;28/2/2016 17:34:00;29/2/2016 11:46:31
PARATI;-23.2173;-44.7366;RJPRT05;DO CORISAO, S/N - CENTRO;28/2/2016 17:34:00;29/2/2016 11:46:25
PARATI;-23.2173;-44.7366;RJPRT05;DO CORISAO, S/N - CENTRO;1/3/2016 00:13:26;2/3/2016 08:03:20
PARATI;-23.215;-44.7146;RJPRT01;DO CEMITERIO, S/N - CABORE;10/3/2016 12:46:00;10/3/2016 21:08:46
PARATI;-23.33666;-44.68047;RJPRT04;DA GLEBA VERMELHA, S/N - LARANJEIRAS;24/3/2016 00:42:00;24/3/2016 15:16:00
PARATI;-23.26947;-44.68359;RJPRTR2;BR 101 - KM 585, S/N - ITATINGA;24/3/2016 00:44:00;24/3/2016 15:16:00
PARATI;-23.0252;-44.5456;RJPRT02;BR 101(RIO-SANTOS) - KM 147, S/N - MAMBUCABA;24/3/2016 20:18:00;25/3/2016 21:00:05
PARATI;-23.33666;-44.68047;RJPRT04;DA GLEBA VERMELHA, S/N - LARANJEIRAS;1/4/2016 14:12:00;1/4/2016 15:48:10
PARATI;-23.351;-44.7247;RJPRT03;SOBRAL PINTO, S/N - TRINDADE;1/4/2016 14:14:00;1/4/2016 15:48:06
PARATI;-23.33666;-44.68047;RJPRT04;DA GLEBA VERMELHA, S/N - LARANJEIRAS;3/4/2016 13:41:00;3/4/2016 20:40:00
PARATI;-23.351;-44.7247;RJPRT03;SOBRAL PINTO, S/N - TRINDADE;3/4/2016 13:43:00;3/4/2016 20:45:00
PATY DO ALFERES;-22.3193;-43.4081;RJPAT02;OSWALDO FERNANDES DE BARROS, S/N - LOTE 67 - AVELAR;2/1/2016 22:39:00;4/1/2016 07:13:15
PATY DO ALFERES;-22.4286;-43.4263;RJPAT01;PREFEITO EDMUNDO BERNARDES, 651 - CENTRO;4/1/2016 08:13:00;4/1/2016 11:56:00
PATY DO ALFERES;-22.3193;-43.4081;RJPAT02;OSWALDO FERNANDES DE BARROS, S/N - LOTE 67 - AVELAR;16/1/2016 01:16:00;16/1/2016 12:32:54
PATY DO ALFERES;-22.4286;-43.4263;RJPAT01;PREFEITO EDMUNDO BERNARDES, 651 - CENTRO;16/1/2016 01:21:00;16/1/2016 12:32:50
PATY DO ALFERES;-22.4286;-43.4263;RJPAT01;PREFEITO EDMUNDO BERNARDES, 651 - CENTRO;25/3/2016 12:08:00;25/3/2016 20:13:50
PATY DO ALFERES;-22.4286;-43.4263;RJPAT01;PREFEITO EDMUNDO BERNARDES, 651 - CENTRO;26/3/2016 08:09:00;26/3/2016 17:30:00
PETROPOLIS;-22.3884;-43.0627;RJPET23;DO CANTAGALO, S/N - CANTAGALO;2/1/2016 02:36:00;2/1/2016 15:38:57
PETROPOLIS;-22.52261;-43.15868;RJPET28;PROFESAOR EUGENIO WERNECK, 78 - MORIN;2/1/2016 02:51:00;2/1/2016 15:38:23
PETROPOLIS;-22.42879;-43.23096;RJPET22;BERNARDO COUTINHO, 8151 - ARARAS;2/1/2016 03:05:00;2/1/2016 15:37:54
PETROPOLIS;-22.3807;-43.106;RJPET13;JOSE DA ROSA RABELLO, 705 - ITAIPAVA;2/1/2016 13:29:00;4/1/2016 07:45:06
PETROPOLIS;-22.48987;-43.177794;RJPET29;PROFESAOR STROELE, 99 - QUARTEIR?O BRASILEIRO;2/1/2016 21:53:00;4/1/2016 07:46:43
PETROPOLIS;-22.4179;-43.1819;RJPET14;DAS PEROBAS, S/N - ARARAS;2/1/2016 23:56:00;4/1/2016 07:50:06
PETROPOLIS;-22.4617;-43.2262;RJPETR5;A, 169 - FAZENDA INGLESA;3/1/2016 23:10:14;4/1/2016 21:47:00
PETROPOLIS;-22.5316;-43.2138;RJPET04;HONDURAS, 440 - QUINTANDINHA;4/1/2016 11:23:00;4/1/2016 19:29:16
PETROPOLIS;-22.33265;-43.18383;RJPET26;DA ROCINHA, S/N - SECRETARIO;4/1/2016 13:46:00;4/1/2016 19:29:14
PETROPOLIS;-22.42879;-43.23096;RJPET22;BERNARDO COUTINHO, 8151 - ARARAS;4/1/2016 16:13:00;4/1/2016 19:29:12
PETROPOLIS;-22.33265;-43.18383;RJPET26;DA ROCINHA, S/N - SECRETARIO;5/1/2016 15:50:00;5/1/2016 20:21:00
PETROPOLIS;-22.445;-43.1411;RJPET10;RODOLPHO FIGUEIRA DE MELLO, 6 - CORREAS;5/1/2016 22:43:00;6/1/2016 01:20:34
PETROPOLIS;-22.4675;-43.1511;RJPET09;RICARDO SALVINI, 280 - ROSEIRAL;5/1/2016 23:39:00;6/1/2016 03:07:42
PETROPOLIS;-22.4617;-43.2262;RJPETR5;A, 169 - FAZENDA INGLESA;8/1/2016 03:04:12;8/1/2016 14:15:00
PETROPOLIS;-22.42879;-43.23096;RJPET22;BERNARDO COUTINHO, 8151 - ARARAS;8/1/2016 08:31:00;8/1/2016 14:15:00
PETROPOLIS;-22.42879;-43.23096;RJPET22;BERNARDO COUTINHO, 8151 - ARARAS;11/1/2016 11:10:00;12/1/2016 00:39:30
PETROPOLIS;-22.54524;-43.2163;RJPET17;ANTONIO DA SILVA LIGEIRO, S/N - INDEPENDENCIA;12/1/2016 11:02:00;12/1/2016 16:58:00
PETROPOLIS;-22.33265;-43.18383;RJPET26;DA ROCINHA, S/N - SECRETARIO;13/1/2016 17:58:00;22/1/2016 10:10:42
PETROPOLIS;-22.42879;-43.23096;RJPET22;BERNARDO COUTINHO, 8151 - ARARAS;14/1/2016 14:24:00;14/1/2016 15:36:10
PETROPOLIS;-22.4617;-43.2262;RJPETR5;A, 169 - FAZENDA INGLESA;19/1/2016 11:43:01;19/1/2016 15:30:00
PETROPOLIS;-22.3884;-43.0627;RJPET23;DO CANTAGALO, S/N - CANTAGALO;19/1/2016 18:11:00;20/1/2016 12:02:53
PETROPOLIS;-22.3807;-43.106;RJPET13;JOSE DA ROSA RABELLO, 705 - ITAIPAVA;21/1/2016 19:43:00;22/1/2016 12:28:00
PETROPOLIS;-22.42879;-43.23096;RJPET22;BERNARDO COUTINHO, 8151 - ARARAS;21/1/2016 19:44:00;21/1/2016 22:30:05
PETROPOLIS;-22.3884;-43.0627;RJPET23;DO CANTAGALO, S/N - CANTAGALO;21/1/2016 19:46:00;22/1/2016 00:37:16
PETROPOLIS;-22.4173;-43.1546;RJPETR9;BR 040 - KM64,5, S/N - LOTE 22 - BONSUCESAO;22/1/2016 14:03:00;22/1/2016 17:41:59
PETROPOLIS;-22.3807;-43.106;RJPET13;JOSE DA ROSA RABELLO, 705 - ITAIPAVA;24/1/2016 11:18:00;24/1/2016 13:32:00
PETROPOLIS;-22.5107;-43.1763;RJPET01;DO IMPERADOR, 675 - CENTRO;25/1/2016 20:57:00;26/1/2016 11:00:00
PETROPOLIS;-22.33265;-43.18383;RJPET26;DA ROCINHA, S/N - SECRETARIO;25/1/2016 21:59:00;26/1/2016 11:00:00
PETROPOLIS;-22.5219;-43.2178;RJPET19;RIO GRANDE DO SUL, S/N - QUITANDINHA;27/1/2016 19:40:00;28/1/2016 03:26:22
PETROPOLIS;-22.478;-43.17203;RJPET06;BAR?O DO RIO BRANCO, 3250 - CENTRO;2/2/2016 11:15:00;3/2/2016 11:33:00
PETROPOLIS;-22.5107;-43.1763;RJPET01;DO IMPERADOR, 675 - CENTRO;7/2/2016 12:31:00;7/2/2016 13:52:00
PETROPOLIS;-22.3884;-43.0627;RJPET23;DO CANTAGALO, S/N - CANTAGALO;9/2/2016 11:41:00;9/2/2016 12:59:00
PETROPOLIS;-22.4675;-43.1511;RJPET09;RICARDO SALVINI, 280 - ROSEIRAL;10/2/2016 23:33:00;11/2/2016 11:46:51
PETROPOLIS;-22.33265;-43.18383;RJPET26;DA ROCINHA, S/N - SECRETARIO;16/2/2016 23:57:00;17/2/2016 12:35:00
PETROPOLIS;-22.4644;-43.1617;RJPET24;DOUTOR LIPPOLD, 15 - CARANGOLA;17/2/2016 00:21:00;17/2/2016 18:41:00
PETROPOLIS;-22.4254;-43.1254;RJPET11;COUNTRY CLUB, S/N - LOTE 16 - NOGUEIRA;20/2/2016 22:40:00;21/2/2016 13:41:22
PETROPOLIS;-22.5316;-43.2138;RJPET04;HONDURAS, 440 - QUINTANDINHA;21/2/2016 05:56:00;21/2/2016 13:41:11
PETROPOLIS;-22.52261;-43.15868;RJPET28;PROFESAOR EUGENIO WERNECK, 78 - MORIN;21/2/2016 07:56:00;21/2/2016 11:40:38
PETROPOLIS;-22.5316;-43.2138;RJPET04;HONDURAS, 440 - QUINTANDINHA;28/2/2016 16:47:00;29/2/2016 07:38:36
PETROPOLIS;-22.3807;-43.106;RJPET13;JOSE DA ROSA RABELLO, 705 - ITAIPAVA;2/3/2016 16:28:00;2/3/2016 19:00:23
PETROPOLIS;-22.50728;-43.17019;RJPET18;DO IMPERADOR, 12 - CENTRO;7/3/2016 14:12:00;8/3/2016 12:23:54
PETROPOLIS;-22.32781;-43.13017;RJPETR7;JULIO DE JESUS GABRIEL, S/N - PEDRO DO RIO;9/3/2016 18:18:00;10/3/2016 08:24:33
PETROPOLIS;-22.3807;-43.106;RJPET13;JOSE DA ROSA RABELLO, 705 - ITAIPAVA;12/3/2016 15:13:00;12/3/2016 20:00:00
PETROPOLIS;-22.4173;-43.1546;RJPETR9;BR 040 - KM64,5, S/N - LOTE 22 - BONSUCESAO;18/3/2016 15:39:00;21/3/2016 11:22:59
PETROPOLIS;-22.3807;-43.106;RJPET13;JOSE DA ROSA RABELLO, 705 - ITAIPAVA;22/3/2016 12:47:00;22/3/2016 16:26:15
PETROPOLIS;-22.5107;-43.1763;RJPET01;DO IMPERADOR, 675 - CENTRO;24/3/2016 17:52:00;25/3/2016 14:43:46
PETROPOLIS;-22.3807;-43.106;RJPET13;JOSE DA ROSA RABELLO, 705 - ITAIPAVA;27/3/2016 12:48:00;27/3/2016 17:41:02
PETROPOLIS;-22.3884;-43.0627;RJPET23;DO CANTAGALO, S/N - CANTAGALO;31/3/2016 18:49:00;1/4/2016 12:59:20
PETROPOLIS;-22.52261;-43.15868;RJPET28;PROFESAOR EUGENIO WERNECK, 78 - MORIN;1/4/2016 04:12:00;1/4/2016 12:59:12
PETROPOLIS;-22.42879;-43.23096;RJPET22;BERNARDO COUTINHO, 8151 - ARARAS;1/4/2016 04:12:00;1/4/2016 12:59:10
PETROPOLIS;-22.3807;-43.106;RJPET13;JOSE DA ROSA RABELLO, 705 - ITAIPAVA;3/4/2016 14:28:00;3/4/2016 17:41:50
PETROPOLIS;-22.42879;-43.23096;RJPET22;BERNARDO COUTINHO, 8151 - ARARAS;4/4/2016 23:54:00;5/4/2016 11:35:57
PETROPOLIS;-22.52261;-43.15868;RJPET28;PROFESAOR EUGENIO WERNECK, 78 - MORIN;5/4/2016 02:13:00;5/4/2016 11:35:54
PIRAI;-22.5939;-43.949;RJPIRR3;CARLOS GOMES, 231 - KOPPLANA;16/1/2016 01:34:00;16/1/2016 17:04:00
PIRAI;-22.5939;-43.949;RJPIRR3;CARLOS GOMES, 231 - KOPPLANA;19/1/2016 21:25:00;20/1/2016 02:35:30
PIRAI;-22.5939;-43.949;RJPIRR3;CARLOS GOMES, 231 - KOPPLANA;17/2/2016 10:17:00;17/2/2016 11:15:00
PIRAI;-22.6611;-43.8436;RJPIRR2;RESTAURANTE CAICARA, S/N - CAICARA;20/2/2016 20:13:00;21/2/2016 11:39:30
PIRAI;-22.6611;-43.8436;RJPIRR2;RESTAURANTE CAICARA, S/N - CAICARA;25/2/2016 17:38:00;25/2/2016 22:22:19
PORCIUNCULA;-20.9666;-42.0417;RJPRC01;CORONEL ELMANO PEREZ MOREIRA, S/N - CENTRO;12/1/2016 11:02:00;12/1/2016 13:22:00
PORCIUNCULA;-20.9666;-42.0417;RJPRC01;CORONEL ELMANO PEREZ MOREIRA, S/N - CENTRO;30/3/2016 22:09:00;31/3/2016 22:18:00
PORCIUNCULA;-20.9666;-42.0417;RJPRC01;CORONEL ELMANO PEREZ MOREIRA, S/N - CENTRO;5/4/2016 09:28:00;5/4/2016 16:53:00
PORTO REAL;-22.4308;-44.3195;RJPRL03;FLORIANO - PORTO REAL, S/N - BULH?ES;18/1/2016 16:53:00;18/1/2016 19:17:00
PORTO REAL;-22.4308;-44.3195;RJPRL03;FLORIANO - PORTO REAL, S/N - BULH?ES;15/2/2016 12:53:39;15/2/2016 17:00:00
QUATIS;-22.4122;-44.2694;RJQAT01;EUCLIDES COTIA, 730 - JARDIM POLASTRI;2/1/2016 04:29:00;2/1/2016 09:36:57
QUATIS;-22.4122;-44.2694;RJQAT01;EUCLIDES COTIA, 730 - JARDIM POLASTRI;2/1/2016 18:56:53;2/1/2016 21:19:00
QUATIS;-22.4122;-44.2694;RJQAT01;EUCLIDES COTIA, 730 - JARDIM POLASTRI;2/1/2016 19:01:00;2/1/2016 21:19:00
QUATIS;-22.4122;-44.2694;RJQAT01;EUCLIDES COTIA, 730 - JARDIM POLASTRI;2/1/2016 21:04:46;2/1/2016 21:37:07
QUATIS;-22.4122;-44.2694;RJQAT01;EUCLIDES COTIA, 730 - JARDIM POLASTRI;6/1/2016 13:36:46;6/1/2016 18:32:00
QUATIS;-22.4122;-44.2694;RJQAT01;EUCLIDES COTIA, 730 - JARDIM POLASTRI;6/1/2016 13:37:00;6/1/2016 18:32:00
QUATIS;-22.4122;-44.2694;RJQAT01;EUCLIDES COTIA, 730 - JARDIM POLASTRI;26/1/2016 08:29:00;26/1/2016 11:46:00
QUATIS;-22.4122;-44.2694;RJQAT01;EUCLIDES COTIA, 730 - JARDIM POLASTRI;7/3/2016 20:04:00;8/3/2016 07:38:00
QUATIS;-22.4122;-44.2694;RJQAT01;EUCLIDES COTIA, 730 - JARDIM POLASTRI;7/3/2016 23:37:14;8/3/2016 03:12:18
QUEIMADOS;-22.72625;-43.56752;RJQUE14;RUA AMERICO PINHO, LT. 24 DA QD. F - SAO CRISAOV?O;13/1/2016 21:57:11;14/1/2016 03:28:45
QUEIMADOS;-22.72625;-43.56752;RJQUE14;RUA AMERICO PINHO, LT. 24 DA QD. F - SAO CRISAOV?O;16/2/2016 21:58:54;17/2/2016 15:03:40
QUEIMADOS;-22.72625;-43.56752;RJQUE14;RUA AMERICO PINHO, LT. 24 DA QD. F - SAO CRISAOV?O;23/2/2016 17:06:51;23/2/2016 21:00:09
QUEIMADOS;-22.730829;-43.618328;RJQUER2;PRES. DUTRA - KM 197, S/N - QUEIMADOS;24/2/2016 19:29:00;25/2/2016 01:52:07
QUEIMADOS;-22.71577;-43.58495;RJQUE06;ISIDORO BLUVOL, 37 - QUADRA H - - JARDIM CAMPO ALEGRE;25/2/2016 18:31:00;27/2/2016 08:31:38
QUEIMADOS;-22.730829;-43.618328;RJQUER2;PRES. DUTRA - KM 197, S/N - QUEIMADOS;25/2/2016 23:34:00;27/2/2016 08:45:43
QUEIMADOS;-22.71842;-43.55507;RJQUE01;APARECIDA, S/N - QUEIMADOS;17/3/2016 11:38:44;17/3/2016 21:33:15
QUEIMADOS;-22.730829;-43.618328;RJQUER2;PRES. DUTRA - KM 197, S/N - QUEIMADOS;17/3/2016 16:47:00;17/3/2016 20:22:25
QUEIMADOS;-22.72625;-43.56752;RJQUE14;RUA AMERICO PINHO, LT. 24 DA QD. F - SAO CRISAOV?O;1/4/2016 04:43:41;1/4/2016 12:59:08
RESENDE;-22.4785;-44.4947;RJRES04;DAS SAMAMBAIAS, S/N - CIDADE ALEGRIA;4/1/2016 04:10:00;4/1/2016 10:08:00
RESENDE;-22.4575;-44.39083;RJRESR1;MARECHAL CANDIDO RONDON, S/N - LOTE 01, QUADRA B - PARQUE EMBAIXADOR;3/2/2016 12:20:00;3/2/2016 15:28:00
RESENDE;-22.4785;-44.4947;RJRES04;DAS SAMAMBAIAS, S/N - CIDADE ALEGRIA;13/3/2016 22:29:00;14/3/2016 09:02:24
RIO CLARO;-22.7196;-44.1269;RJRCL01;BR 155, KM 31 - RIO CLARO;1/1/2016 23:41:00;2/1/2016 14:08:00
RIO CLARO;-22.7196;-44.1269;RJRCL01;BR 155, KM 31 - RIO CLARO;3/1/2016 05:16:00;4/1/2016 07:19:33
RIO CLARO;-22.7196;-44.1269;RJRCL01;BR 155, KM 31 - RIO CLARO;5/2/2016 14:19:00;5/2/2016 16:40:00
RIO CLARO;-22.7196;-44.1269;RJRCL01;BR 155, KM 31 - RIO CLARO;26/3/2016 09:54:57;26/3/2016 17:30:00
RIO DAS FLORES;-22.16546;-43.58127;RJRFS02;PACHECO LE?O, S/N - CENTRO;2/1/2016 17:46:00;4/1/2016 07:11:40
RIO DAS FLORES;-22.16546;-43.58127;RJRFS02;PACHECO LE?O, S/N - CENTRO;12/1/2016 01:35:00;12/1/2016 09:23:26
RIO DAS FLORES;-22.16546;-43.58127;RJRFS02;PACHECO LE?O, S/N - CENTRO;15/2/2016 11:00:00;15/2/2016 12:37:00
RIO DAS FLORES;-22.1725;-43.5852;RJRFS01;MOACIR SUCENA SERRA, S/N - CRUZEIRO;23/2/2016 04:30:00;23/2/2016 09:10:27
RIO DAS FLORES;-22.16546;-43.58127;RJRFS02;PACHECO LE?O, S/N - CENTRO;28/2/2016 22:55:00;29/2/2016 07:37:33
RIO DAS FLORES;-22.1725;-43.5852;RJRFS01;MOACIR SUCENA SERRA, S/N - CRUZEIRO;13/3/2016 09:05:00;14/3/2016 03:04:49
RIO DASAOSTRAS;-22.4885;-41.9117;RJROS02;DOS BANDEIRANTES, 690 - ENSEADA DAS GAIVOTAS;6/3/2016 04:35:00;6/3/2016 08:50:01
RIO DASAOSTRAS;-22.4885;-41.9117;RJROS02;DOS BANDEIRANTES, 690 - ENSEADA DAS GAIVOTAS;7/3/2016 07:55:00;8/3/2016 12:24:37
SANTA MARIA MADALENA;-21.96754;-42.01761;RJSDA01;ADOLPHO RODRIGUES, 19 - CENTRO;16/1/2016 02:23:00;16/1/2016 19:22:10
SANTA MARIA MADALENA;-21.96754;-42.01761;RJSDA01;ADOLPHO RODRIGUES, 19 - CENTRO;17/2/2016 13:08:00;17/2/2016 15:31:03
SANTA MARIA MADALENA;-21.96754;-42.01761;RJSDA01;ADOLPHO RODRIGUES, 19 - CENTRO;2/3/2016 05:50:00;2/3/2016 09:54:00
SANTA MARIA MADALENA;-21.96754;-42.01761;RJSDA01;ADOLPHO RODRIGUES, 19 - CENTRO;6/3/2016 07:52:00;6/3/2016 15:27:36
SANTA MARIA MADALENA;-21.96754;-42.01761;RJSDA01;ADOLPHO RODRIGUES, 19 - CENTRO;7/3/2016 11:17:00;8/3/2016 12:24:20
SAO FRANCISAO DE ITABAPOANA;-21.4935;-41.069;RJSFI02;D. CARMINHA, S/N - GUAXINDIBA;17/1/2016 13:11:00;17/1/2016 16:16:33
SAO FRANCISAO DE ITABAPOANA;-21.4935;-41.069;RJSFI02;D. CARMINHA, S/N - GUAXINDIBA;12/2/2016 14:36:58;13/2/2016 00:38:44
SAO FRANCISAO DE ITABAPOANA;-21.4935;-41.069;RJSFI02;D. CARMINHA, S/N - GUAXINDIBA;22/2/2016 20:51:00;23/2/2016 11:15:00
SAO JOAO DA BARRA;-21.6947;-41.0306;RJSJB02;MERCEDES VASAONCELOS MOTTA, 104 - PRAIA DE GRUSSAI;17/1/2016 23:28:00;18/1/2016 14:50:00
SAO JOAO DE MERITI;-22.7761;-43.3848;RJSJM14;DA PRATA, S/N - COELHO DA ROCHA;1/1/2016 22:06:00;2/1/2016 12:35:30
SAO JOAO DE MERITI;-22.78028;-43.37447;RJSJM25;JOANA KALIL, QD 71 LT01 - JARDIM MERITI;5/1/2016 12:35:00;6/1/2016 11:20:06
SAO JOAO DE MERITI;-22.7761;-43.3848;RJSJM14;DA PRATA, S/N - COELHO DA ROCHA;7/1/2016 23:14:00;8/1/2016 11:35:35
SAO JOAO DE MERITI;-22.79936;-43.35153;RJSJM10;SAO JOAO-CAXIAS, 11 - CENTRO;8/1/2016 16:19:34;8/1/2016 20:58:38
SAO JOAO DE MERITI;-22.7761;-43.3848;RJSJM14;DA PRATA, S/N - COELHO DA ROCHA;9/1/2016 23:27:00;10/1/2016 11:36:00
SAO JOAO DE MERITI;-22.7761;-43.3848;RJSJM14;DA PRATA, S/N - COELHO DA ROCHA;27/1/2016 23:27:00;28/1/2016 11:54:48
SAO JOAO DE MERITI;-22.8057;-43.3736;RJSJM06;DEOLINDA CESAR, 128 - CENTRO;3/2/2016 00:49:00;3/2/2016 11:33:15
SAO JOAO DE MERITI;-22.8057;-43.3736;RJSJM06;DEOLINDA CESAR, 128 - CENTRO;4/2/2016 23:00:00;5/2/2016 11:36:58
SAO JOAO DE MERITI;-22.7761;-43.3848;RJSJM14;DA PRATA, S/N - COELHO DA ROCHA;5/2/2016 00:03:00;5/2/2016 11:36:55
SAO JOAO DE MERITI;-22.8057;-43.3736;RJSJM06;DEOLINDA CESAR, 128 - CENTRO;7/2/2016 22:24:00;8/2/2016 09:27:29
SAO JOAO DE MERITI;-22.7761;-43.3848;RJSJM14;DA PRATA, S/N - COELHO DA ROCHA;9/2/2016 00:56:00;9/2/2016 08:53:42
SAO JOAO DE MERITI;-22.8057;-43.3736;RJSJM06;DEOLINDA CESAR, 128 - CENTRO;12/2/2016 13:18:00;13/2/2016 01:44:08
SAO JOAO DE MERITI;-22.8092;-43.3922;RJSJM07;FRANCISAO TORQUILHO, 779 - TOMAZINHO;17/2/2016 19:39:00;19/2/2016 07:48:17
SAO JOAO DE MERITI;-22.7761;-43.3848;RJSJM14;DA PRATA, S/N - COELHO DA ROCHA;27/2/2016 00:47:00;27/2/2016 04:24:29
SAO JOAO DE MERITI;-22.7761;-43.3848;RJSJM14;DA PRATA, S/N - COELHO DA ROCHA;28/2/2016 23:36:00;29/2/2016 07:33:47
SAO JOAO DE MERITI;-22.7761;-43.3848;RJSJM14;DA PRATA, S/N - COELHO DA ROCHA;4/3/2016 01:04:00;4/3/2016 11:50:28
SAO JOAO DE MERITI;-22.8057;-43.3736;RJSJM06;DEOLINDA CESAR, 128 - CENTRO;4/3/2016 06:29:00;4/3/2016 11:50:23
SAO JOAO DE MERITI;-22.8057;-43.3736;RJSJM06;DEOLINDA CESAR, 128 - CENTRO;5/3/2016 12:03:00;6/3/2016 02:22:52
SAO JOAO DE MERITI;-22.8057;-43.3736;RJSJM06;DEOLINDA CESAR, 128 - CENTRO;7/3/2016 11:21:00;8/3/2016 12:24:22
SAO JOAO DE MERITI;-22.7761;-43.3848;RJSJM14;DA PRATA, S/N - COELHO DA ROCHA;10/3/2016 04:31:00;10/3/2016 12:38:35
SAO JOAO DE MERITI;-22.8092;-43.3922;RJSJM07;FRANCISAO TORQUILHO, 779 - TOMAZINHO;27/3/2016 11:37:00;27/3/2016 13:32:53
SAO JOSE DO VALE DO RIO PRETO;-22.1731;-42.839;RJTERR6;BR 116 (RIO - BAHIA) - KM 46,5, S/N - AGUA QUENTE;2/1/2016 02:02:27;2/1/2016 10:52:07
SAO JOSE DO VALE DO RIO PRETO;-22.19;-42.9826;RJSZJ02;SILVEIRA DA MOTTA, S/N - JAGUARA;4/1/2016 08:54:00;4/1/2016 19:29:19
SAO JOSE DO VALE DO RIO PRETO;-22.1731;-42.839;RJTERR6;BR 116 (RIO - BAHIA) - KM 46,5, S/N - AGUA QUENTE;5/1/2016 10:59:00;5/1/2016 13:58:00
SAO JOSE DO VALE DO RIO PRETO;-22.19;-42.9826;RJSZJ02;SILVEIRA DA MOTTA, S/N - JAGUARA;6/1/2016 13:35:00;6/1/2016 17:00:00
SAO JOSE DO VALE DO RIO PRETO;-22.159;-42.9278;RJSZJ01;DA ROCHA BARROS FILHO, S/N - JAGUARA;14/1/2016 14:25:00;14/1/2016 15:36:12
SAO JOSE DO VALE DO RIO PRETO;-22.159;-42.9278;RJSZJ01;DA ROCHA BARROS FILHO, S/N - JAGUARA;2/2/2016 21:47:00;3/2/2016 00:45:03
SAO JOSE DO VALE DO RIO PRETO;-22.159;-42.9278;RJSZJ01;DA ROCHA BARROS FILHO, S/N - JAGUARA;7/2/2016 22:27:00;8/2/2016 00:52:33
SAO JOSE DO VALE DO RIO PRETO;-22.159;-42.9278;RJSZJ01;DA ROCHA BARROS FILHO, S/N - JAGUARA;10/2/2016 23:36:00;11/2/2016 10:59:00
SAO JOSE DO VALE DO RIO PRETO;-22.19;-42.9826;RJSZJ02;SILVEIRA DA MOTTA, S/N - JAGUARA;11/2/2016 15:36:00;11/2/2016 16:50:00
SAO JOSE DO VALE DO RIO PRETO;-22.159;-42.9278;RJSZJ01;DA ROCHA BARROS FILHO, S/N - JAGUARA;14/2/2016 22:19:00;15/2/2016 03:08:35
SAO JOSE DO VALE DO RIO PRETO;-22.1731;-42.839;RJTERR6;BR 116 (RIO - BAHIA) - KM 46,5, S/N - AGUA QUENTE;27/2/2016 19:19:00;29/2/2016 07:40:26
SAO JOSE DO VALE DO RIO PRETO;-22.159;-42.9278;RJSZJ01;DA ROCHA BARROS FILHO, S/N - JAGUARA;27/2/2016 20:23:00;27/2/2016 21:32:00
SAO JOSE DO VALE DO RIO PRETO;-22.19;-42.9826;RJSZJ02;SILVEIRA DA MOTTA, S/N - JAGUARA;29/2/2016 18:20:00;29/2/2016 21:30:00
SAO JOSE DO VALE DO RIO PRETO;-22.159;-42.9278;RJSZJ01;DA ROCHA BARROS FILHO, S/N - JAGUARA;8/3/2016 21:10:00;8/3/2016 22:42:05
SAO JOSE DO VALE DO RIO PRETO;-22.159;-42.9278;RJSZJ01;DA ROCHA BARROS FILHO, S/N - JAGUARA;16/3/2016 22:26:00;16/3/2016 23:00:00
SAO JOSE DO VALE DO RIO PRETO;-22.159;-42.9278;RJSZJ01;DA ROCHA BARROS FILHO, S/N - JAGUARA;24/3/2016 11:46:00;24/3/2016 14:40:00
SAO PEDRO DA ALDEIA;-22.7592;-42.0786;RJSPDR2;AMARAL PEIXOTO, S/N - SITIO BOA VISTA;2/1/2016 02:12:00;2/1/2016 10:59:18
SAO PEDRO DA ALDEIA;-22.7592;-42.0786;RJSPDR2;AMARAL PEIXOTO, S/N - SITIO BOA VISTA;17/1/2016 12:39:00;17/1/2016 20:03:31
SAO PEDRO DA ALDEIA;-22.83286;-42.09942;RJSPD05;PALMEIRAS, S/N - PARELHEIROS;21/1/2016 19:19:00;22/1/2016 07:25:16
SAO PEDRO DA ALDEIA;-22.826478;-42.092279;RJSPD03;COMANDANTE ITURIEL, 1000 - BELA VISTA;28/1/2016 03:40:00;28/1/2016 12:19:00
SAO PEDRO DA ALDEIA;-22.7592;-42.0786;RJSPDR2;AMARAL PEIXOTO, S/N - SITIO BOA VISTA;28/1/2016 03:40:00;28/1/2016 12:18:54
SAO PEDRO DA ALDEIA;-22.7592;-42.0786;RJSPDR2;AMARAL PEIXOTO, S/N - SITIO BOA VISTA;16/2/2016 00:53:00;17/2/2016 12:22:07
SAO PEDRO DA ALDEIA;-22.8404;-42.0992;RJSPD01;ISABEL S. SILVA, S/N - LOTE 13, QUADRA 07 - MOSAORO;3/4/2016 16:06:00;3/4/2016 21:12:00
SAPUCAIA;-21.9982;-42.9197;RJSAP01;SEBASTI?O LOURENZO, S/N - CENTRO;16/1/2016 00:12:00;17/1/2016 21:17:27
SAPUCAIA;-22.1238;-42.7681;RJSAPR4;BR 116, S/N - VILA DO PI?O;28/1/2016 19:30:00;6/3/2016 15:17:00
SAQUAREMA;-22.8847;-42.4125;RJSQA04;E, LOTE 114 - QUADRA 06 - IPATINGAS;12/2/2016 10:55:00;13/2/2016 00:49:23
SAQUAREMA;-22.8847;-42.4125;RJSQA04;E, LOTE 114 - QUADRA 06 - IPATINGAS;16/2/2016 22:48:00;17/2/2016 10:58:58
SAQUAREMA;-22.9174;-42.4136;RJSQA06;PRAIA DO MOLEQUE, 106 - JARDIM IPITANGAS;16/2/2016 22:51:00;17/2/2016 10:59:48
SAQUAREMA;-22.8985;-42.4687;RJSQA02;A, S/N - BACAXA;26/3/2016 01:01:00;26/3/2016 17:47:00
SEROPEDICA;-22.74757;-43.70251;RJSPK02;SOLANGE DE SOUZA, 319 - FAZENDA CAXIAS;5/2/2016 17:21:44;5/2/2016 20:55:00
SILVA JARDIM;-22.6525;-42.484444;RJSJDR1;BR 101 - KM 246, S/N - CEZARIO ALVIM;1/1/2016 20:57:00;2/1/2016 10:44:26
SILVA JARDIM;-22.6525;-42.484444;RJSJDR1;BR 101 - KM 246, S/N - CEZARIO ALVIM;5/1/2016 21:36:00;6/1/2016 10:14:00
SILVA JARDIM;-22.6525;-42.484444;RJSJDR1;BR 101 - KM 246, S/N - CEZARIO ALVIM;6/1/2016 11:57:00;6/1/2016 12:49:00
SILVA JARDIM;-22.6525;-42.484444;RJSJDR1;BR 101 - KM 246, S/N - CEZARIO ALVIM;9/1/2016 23:32:00;10/1/2016 08:16:03
SILVA JARDIM;-22.6525;-42.484444;RJSJDR1;BR 101 - KM 246, S/N - CEZARIO ALVIM;15/1/2016 18:41:00;20/1/2016 02:23:52
SILVA JARDIM;-22.6098;-42.3897;RJSJDR3;DO CAMBUCAES, 35 - BOQUEIR?O;29/2/2016 12:15:00;2/3/2016 08:20:42
SILVA JARDIM;-22.6098;-42.3897;RJSJDR3;DO CAMBUCAES, 35 - BOQUEIR?O;31/3/2016 15:23:52;31/3/2016 16:50:53
TERESOPOLIS;-22.372;-42.9297;RJTER11;DAS MAGNOLIAS, S/N - ALBUQUERQUE;1/1/2016 20:26:00;1/1/2016 22:42:03
TERESOPOLIS;-22.2655;-42.9275;RJTERR5;BR 116, KM 6 - PROVIDENCIA;1/1/2016 20:48:00;2/1/2016 12:35:36
TERESOPOLIS;-22.2604;-42.7436;RJTERR4;RJ 130, KM 35 - VIEIRA;2/1/2016 11:51:00;4/1/2016 10:44:00
TERESOPOLIS;-22.3822;-42.9132;RJTER05;RJ130, KM 6 - ALBUQUERQUE;2/1/2016 14:24:00;2/1/2016 15:14:00
TERESOPOLIS;-22.3822;-42.9132;RJTER05;RJ130, KM 6 - ALBUQUERQUE;2/1/2016 21:53:00;4/1/2016 07:48:32
TERESOPOLIS;-22.372;-42.9297;RJTER11;DAS MAGNOLIAS, S/N - ALBUQUERQUE;7/1/2016 11:07:00;8/1/2016 11:39:27
TERESOPOLIS;-22.2655;-42.9275;RJTERR5;BR 116, KM 6 - PROVIDENCIA;11/1/2016 05:22:00;12/1/2016 00:24:04
TERESOPOLIS;-22.3822;-42.9132;RJTER05;RJ130, KM 6 - ALBUQUERQUE;11/1/2016 09:09:00;12/1/2016 00:26:03
TERESOPOLIS;-22.372;-42.9297;RJTER11;DAS MAGNOLIAS, S/N - ALBUQUERQUE;11/1/2016 21:30:00;12/1/2016 12:46:58
TERESOPOLIS;-22.2655;-42.9275;RJTERR5;BR 116, KM 6 - PROVIDENCIA;12/1/2016 05:19:00;12/1/2016 20:19:56
TERESOPOLIS;-22.4277;-42.9719;RJTER08;NILO TAVARES, S/N - FAZENDINHA;20/1/2016 19:45:00;22/1/2016 07:33:58
TERESOPOLIS;-22.3822;-42.9132;RJTER05;RJ130, KM 6 - ALBUQUERQUE;23/1/2016 22:01:00;24/1/2016 02:42:01
TERESOPOLIS;-22.3794;-42.9785;RJTER12;JOSE MANOEL DELGADO, 200 - GRANJA FLORESTAL;26/1/2016 16:00:00;26/1/2016 20:55:00
TERESOPOLIS;-22.2704;-42.7973;RJTERR3;RJ 130, KM 27 - BONSUCESAO;29/2/2016 11:28:00;29/2/2016 14:20:00
TERESOPOLIS;-22.3822;-42.9132;RJTER05;RJ130, KM 6 - ALBUQUERQUE;29/2/2016 11:28:00;29/2/2016 19:24:00
TERESOPOLIS;-22.3822;-42.9132;RJTER05;RJ130, KM 6 - ALBUQUERQUE;6/3/2016 17:00:00;6/3/2016 20:56:00
TERESOPOLIS;-22.2704;-42.7973;RJTERR3;RJ 130, KM 27 - BONSUCESAO;6/3/2016 23:12:00;8/3/2016 12:24:46
TERESOPOLIS;-22.2704;-42.7973;RJTERR3;RJ 130, KM 27 - BONSUCESAO;9/3/2016 17:11:00;10/3/2016 09:01:02
TERESOPOLIS;-22.3794;-42.9785;RJTER12;JOSE MANOEL DELGADO, 200 - GRANJA FLORESTAL;17/3/2016 12:02:00;17/3/2016 21:44:32
TERESOPOLIS;-22.3822;-42.9132;RJTER05;RJ130, KM 6 - ALBUQUERQUE;17/3/2016 16:18:00;17/3/2016 21:46:58
TERESOPOLIS;-22.2704;-42.7973;RJTERR3;RJ 130, KM 27 - BONSUCESAO;2/4/2016 18:51:00;3/4/2016 09:15:00
TRES RIOS;-22.126618;-43.154872;RJTRR08;SILVERIO DE MEDEIROS, 50 - MOURA BRASIL;14/1/2016 17:15:00;16/1/2016 16:54:49
TRES RIOS;-22.108;-43.1892;RJTRR02;JOSE NASSER, 357 - VILA ISABEL;23/1/2016 17:14:00;24/1/2016 02:51:44
TRES RIOS;-22.1203;-43.1525;RJTRRR1;PANGARE, S/N - MOURA BRASIL;24/3/2016 00:17:00;24/3/2016 13:00:00
VALENCA;-22.24467;-43.7038;RJVAL01;DOUTOR FIGUEIREDO, 159 - CENTRO;6/1/2016 03:41:20;6/1/2016 07:50:00
VALENCA;-22.25475;-43.71043;RJVAL04;27 DE NOVEMBRO, 1100 - SANTA CRUZ;7/1/2016 18:59:00;8/1/2016 01:59:22
VALENCA;-22.2636;-43.693;RJVAL02;DA BOA VISTA, S/N - ZONA RURAL;16/1/2016 14:52:00;17/1/2016 19:57:28
VALENCA;-22.28867;-43.92384;RJVAL03;LUDOVICO COSATI, 166 - BENFICA;24/3/2016 20:00:00;25/3/2016 13:20:36
VALENCA;-22.28867;-43.92384;RJVAL03;LUDOVICO COSATI, 166 - BENFICA;1/4/2016 13:31:00;1/4/2016 20:14:00
VARRE-SAI;-20.9285;-41.8634;RJVRR01;OCTAVIO MONERAT, S/N - CENTRO;12/2/2016 11:09:00;13/2/2016 00:55:55
VARRE-SAI;-20.9285;-41.8634;RJVRR01;OCTAVIO MONERAT, S/N - CENTRO;17/3/2016 23:19:00;18/3/2016 11:06:00
VASSOURAS;-22.4303;-43.7236;RJBPIR2;BR 393, S/N - BEIRA CH?O;14/2/2016 23:13:00;15/2/2016 02:22:20
VASSOURAS;-22.4134;-43.6716;RJVAS02;PREFEITO HENRIQUE BORGES, 811 - CENTRO;26/2/2016 23:18:07;27/2/2016 11:00:00
VASSOURAS;-22.4106;-43.6544;RJVAS01;SANTA HELENA, S/N - MORRO DA VACA;4/3/2016 05:07:00;4/3/2016 09:02:55
VASSOURAS;-22.4106;-43.6544;RJVAS01;SANTA HELENA, S/N - MORRO DA VACA;24/3/2016 00:30:00;24/3/2016 13:35:40
VOLTA REDONDA;-22.59053;-44.06951;RJVRER1;FIGUEIRAS, S/N - SERRINHA;12/1/2016 12:26:00;12/1/2016 17:40:00
VOLTA REDONDA;-22.52665;-44.122277;RJVRE07;CARMEM MIRANDA, 92 - EUCALIPTAL;11/2/2016 12:19:00;11/2/2016 13:37:00
VOLTA REDONDA;-22.4881;-44.0739;RJVRE04;PORTO VELHO, S/N - SANTO AGOSTINHO;12/2/2016 13:00:00;13/2/2016 01:40:32
VOLTA REDONDA;-22.59053;-44.06951;RJVRER1;FIGUEIRAS, S/N - SERRINHA;15/2/2016 17:00:00;15/2/2016 19:20:00
VOLTA REDONDA;-22.59053;-44.06951;RJVRER1;FIGUEIRAS, S/N - SERRINHA;17/2/2016 14:31:00;17/2/2016 17:45:00
VOLTA REDONDA;-22.5074;-44.1249;RJVRE10;SERGIPE, 136 - JARDIM CIDADE DO ACO;22/2/2016 21:12:00;23/2/2016 08:44:58
VOLTA REDONDA;-22.5046;-44.09281;RJVRE01;DESEMBARGADOR CESAR SALAMONTE, 95 - ATERRADO;25/2/2016 17:20:00;25/2/2016 18:51:00
VOLTA REDONDA;-22.5333;-44.07776;RJVRE23;DOS METALURGICOS, 2500 - CASA DE PEDRA;6/3/2016 21:55:33;8/3/2016 12:24:48
VOLTA REDONDA;-22.59053;-44.06951;RJVRER1;FIGUEIRAS, S/N - SERRINHA;6/3/2016 23:30:00;8/3/2016 12:24:44
VOLTA REDONDA;-22.59053;-44.06951;RJVRER1;FIGUEIRAS, S/N - SERRINHA;11/3/2016 07:40:00;11/3/2016 12:10:58
VOLTA REDONDA;-22.59053;-44.06951;RJVRER1;FIGUEIRAS, S/N - SERRINHA;12/3/2016 19:03:00;12/3/2016 21:50:00
VOLTA REDONDA;-22.59053;-44.06951;RJVRER1;FIGUEIRAS, S/N - SERRINHA;30/3/2016 22:37:00;31/3/2016 22:18:00
VOLTA REDONDA;-22.47707;-44.0654;RJVRE16;JOAQUIM PACHECO, 01 - SAO LUIS;1/4/2016 18:16:09;1/4/2016 21:38:00
