ANGRA DOS REIS;-23.140354;-44.16899;RJANG11;PROFESAORA ALICE KURI, 97 - VILA ABRA?O
ANGRA DOS REIS;-23.035553;-44.194501;RJANG26;PORTOGALO, S/N? - PORTOGALO
ANGRA DOS REIS;-23.0311;-44.1681;RJANG19;
ANGRA DOS REIS;-23.005497;-44.473211;RJANG18;
ANGRA DOS REIS;-22.97057;-44.30254;RJANG17;PREFEITO JOAO GREGORIO GALINDO, 100 - JAPUIBA
ANGRA DOS REIS;-23.007481;-44.318588;RJANG14;RAUL POMPEIA, 97 - CENTRO
ANGRA DOS REIS;-22.998899;-44.241199;RJANG12;ITASSUCE, S/N - JACUECANGA
ANGRA DOS REIS;-22.9982;-44.3068;RJANG08;
ANGRA DOS REIS;-23.0356;-44.2231;RJANG07;DO LESTE, S/N - MONSUABA
ANGRA DOS REIS;-23.0215;-44.2966;RJANG06;
ANGRA DOS REIS;-23.008499;-44.350441;RJANG05;
ANGRA DOS REIS;-22.9569;-44.3243;RJANG04;GOVERNADOR MARIO COVAS, S/N - PONTAL (CUNHAMBEBE)
ANGRA DOS REIS;-22.947531;-44.39172;RJANG03;
ANGRA DOS REIS;-22.96703;-44.43819;RJANG02;PINHEIROS, 502 - FRADE
ANGRA DOS REIS;-23.00411;-44.448811;RJANG01;GOVERNADOR MARIO COVAS, S/N - PIRAQUARA (CUNHAMBEBE)
ANGRA DOS REIS;-22.98459;-44.29609;RJANG13;ALAN KARDEC, 1 - CAMPO BELO (CUNHAMBEBE)
APERIBE;-21.6262;-42.1051;RJAPR01;PEDRO MARTINS DA ROCHA, S/N - BOA VISTA
ARARUAMA;-22.875;-42.343311;RJARM01;JORGE DAMI?O, 20 - ALTO DA BOA VISTA
ARARUAMA;-22.9258;-42.3094;RJARM04;B, S/N - PRAIA SECA
ARARUAMA;-22.8125;-42.3927;RJARMR3;
ARARUAMA;-22.8528;-42.3268;RJARM07;
ARARUAMA;-22.724079;-42.256771;RJARM06;
ARARUAMA;-22.8858;-42.3566;RJARM05;DOS CAJUEIROS, S/N - PRAIA DO HOSPICIO
ARARUAMA;-22.867229;-42.315079;RJARM02;
ARARUAMA;-22.860439;-42.26022;RJARM03;
AREAL;-22.2393;-43.1059;RJARE01;BR-040, S/N - AREAL
ARMACAO DOS BUZIOS;-22.778919;-41.895531;RJBUZ02;A, S/N - GERIBA
ARMACAO DOS BUZIOS;-22.7452;-41.8729;RJBUZ03;
ARMACAO DOS BUZIOS;-22.743139;-41.97036;RJBUZ04;
ARMACAO DOS BUZIOS;-22.7733;-41.9293;RJBUZ05;
ARMACAO DOS BUZIOS;-22.8163;-41.9805;RJBUZ06;QUATRO, S/N - BAIA FORMOSA
ARMACAO DOS BUZIOS;-22.77559;-41.90393;RJBUZ07;
ARMACAO DOS BUZIOS;-22.759199;-41.888248;RJBUZ01;
ARRAIAL DO CABO;-22.965561;-42.024719;RJARC01;
BARRA DO PIRAI;-22.49789;-43.83017;RJBPI05;
BARRA DO PIRAI;-22.469178;-43.860636;RJBPIR1;
BARRA DO PIRAI;-22.388161;-43.867761;RJBPI08;JOAO M. LEITE VINHEIROS, S/N - IPIABAS
BARRA DO PIRAI;-22.3744;-43.8813;RJBPI04;
BARRA DO PIRAI;-22.4679;-43.8202;RJBPI02;ELIZABETH BORGES, 67 - CAIERA
BARRA DO PIRAI;-22.517197;-43.801918;RJBPI01;MANOEL ALVES PEREIRA, S/N - PARQUE SANTANA
BARRA DO PIRAI;-22.471;-43.9869;RJVRER2;LUCIO MEIRA, KM 274 - DORANDIA
BARRA DO PIRAI;-22.4711;-43.82651;RJBPI09;
BARRA MANSA;-22.545259;-44.167171;RJBAM01;
BARRA MANSA;-22.541389;-44.193062;RJBAMR2;JOSE GONCALVES REBOLLAS, S/N - BOCAININHA
BARRA MANSA;-22.5648;-44.1212;RJBAMR1;
BARRA MANSA;-22.53146;-44.20674;RJBAM05;
BARRA MANSA;-22.5577;-44.1594;RJBAM04;
BARRA MANSA;-22.57139;-44.167221;RJBAM02;
BARRA MANSA;-22.4875;-44.2478;RJBAMR3;PRES. DUTRA, S/N - POMBAL
BARRA MANSA;-22.53064;-44.14048;RJBAM03;
BELFORD ROXO;-22.73839;-43.37626;RJBFR54;
BELFORD ROXO;-22.72966;-43.40196;RJBFR39;MINISTRO FILADELFIO DE AZEVEDO LOTE 13, S/N - SAO FRANCISAO DE ASSIS
BELFORD ROXO;-22.7287;-43.41985;RJBFR40;
BELFORD ROXO;-22.718113;-43.336058;RJBFR41;
BELFORD ROXO;-22.706458;-43.341165;RJBFR42;
BELFORD ROXO;-22.755083;-43.360278;RJBFR43;EVA PINTO, S/N - JARDIM GLAUCIA
BELFORD ROXO;-22.730278;-43.333056;RJBFR44;
BELFORD ROXO;-22.7615;-43.40438;RJBFR47;COSTA LIMA, 119 ? LOTE 06 - VILA SEABRA
BELFORD ROXO;-22.72787;-43.3831;RJBFR28;
BELFORD ROXO;-22.759429;-43.368724;RJBFR38;JORGE BRAGANCA, S/N - JARDIM BOM PASAOR
BELFORD ROXO;-22.74129;-43.41301;RJBFR46;
BELFORD ROXO;-22.73204;-43.34943;RJBFR06;
BELFORD ROXO;-22.75597;-43.403641;RJBFR01;SAO DAMI?O, 7 - CENTRO
BELFORD ROXO;-22.71525;-43.327469;RJBFR02;JOAQUIM DA COSTA LIMA, LOTES 36/37 - LOTE XV
BELFORD ROXO;-22.7344;-43.3895;RJBFR03;FERN?O DIAS PAES LEME, 91A - HITERLAND
BELFORD ROXO;-22.726659;-43.35609;RJBFR30;
BELFORD ROXO;-22.7075;-43.429;RJBFR05;PROFESAORA MARLI DE CARVALHO PEREIRA, 64 - MIGUEL COUTO
BELFORD ROXO;-22.755015;-43.420466;RJBFR37;
BELFORD ROXO;-22.71167;-43.3397;RJBFR08;EMBAIBA, S/N - PARQUE COLONIAL
BELFORD ROXO;-22.73126;-43.36505;RJBFR10;
BELFORD ROXO;-22.73592;-43.333561;RJBFR11;PARABOLA, S/N - VILA ESPERANCA
BELFORD ROXO;-22.7494;-43.389;RJBFR12;
BELFORD ROXO;-22.7467;-43.4161;RJBFR13;
BELFORD ROXO;-22.7711;-43.3944;RJBFR14;
BELFORD ROXO;-22.729;-43.4269;RJBFR15;RAUL CORREIA, S/N - JARDIM DAS ACACIAS
BELFORD ROXO;-22.74403;-43.40803;RJBFR29;
BELFORD ROXO;-22.72084;-43.40645;RJBFR04;
BELFORD ROXO;-22.72334;-43.34074;RJBFR20;MOTA DA COSTA, S/N - VERGEL DOS FELIX
BELFORD ROXO;-22.74228;-43.36432;RJBFR36;
BELFORD ROXO;-22.759;-43.39415;RJBFR34;ITACIABA, S/N - BAIRRO DAS GRACAS
BELFORD ROXO;-22.72185;-43.36822;RJBFR31;
BELFORD ROXO;-22.739295;-43.422228;RJBFR27;TUPINAMBAS, 120 - HELIOPOLIS
BELFORD ROXO;-22.73969;-43.39932;RJBFR26;DOS SOLDADOS, 24 - JARDIM XAVANTES
BELFORD ROXO;-22.70752;-43.33291;RJBFR21;
BOM JARDIM;-22.1607;-42.4151;RJBJD01;
BOM JESUS DO ITABAPOANA;-21.138;-41.6677;RJBJI01;
CABO FRIO;-22.894722;-42.046667;RJCBF08;
CABO FRIO;-22.8863;-42.0283;RJCBF09;
CABO FRIO;-22.8772222222222;-42.0161111111111;RJCBF10;
CABO FRIO;-22.89236;-42.02734;RJCBF15;
CABO FRIO;-22.85443;-42.03866;RJCBF06;
CABO FRIO;-22.8791;-42.0446;RJCBF04;
CABO FRIO;-22.8825;-42.016109;RJCBF01;TREZE DE NOVEMBRO, S/N - CENTRO
CABO FRIO;-22.65481;-42.005032;RJBSJ02;AMARAL PEIXOTO, KM 132 - UNAMAR
CABO FRIO;-22.862499;-42.013611;RJCBF07;DO POMAR, S/N - PERO
CABO FRIO;-22.86194;-41.99028;RJCBF03;DO MOINHO, 19 - PERO
CABO FRIO;-22.89296;-42.0362;RJCBF02;
CABO FRIO;-22.6219;-42.0029;RJBSJ03;
CABO FRIO;-22.83527;-42.02772;RJCBF05;
CACHOEIRAS DE MACACU;-22.56119;-42.69135;RJCMCR3;
CACHOEIRAS DE MACACU;-22.60801;-42.74725;RJCMCR2;GRACINDO DE SOUZA PINTO, 600 - PAPUCAIA
CACHOEIRAS DE MACACU;-22.5196;-42.6956;RJCMCR4;
CACHOEIRAS DE MACACU;-22.3728;-42.5551;RJCMCR5;DO IMPERADOR, 30 - TEODORO DE OLIVEIRA
CACHOEIRAS DE MACACU;-22.545278;-42.779444;RJCMCR6;RIO FRIBURGO RJ 122, S/N - PAPUCAIA
CACHOEIRAS DE MACACU;-22.4697;-42.6515;RJCMC01;
CAMBUCI;-21.5771;-41.9129;RJCBC01;
CAMPOS DOS GOYTACAZES;-21.8317;-41.4106;RJCAMR3;
CAMPOS DOS GOYTACAZES;-21.726641;-41.322361;RJCAM01;
CAMPOS DOS GOYTACAZES;-21.9548;-41.1329;RJCAMR6;
CAMPOS DOS GOYTACAZES;-21.370833;-41.346111;RJCAMR5;PROJETADA, S/N - PARQUE VISAONDE DE URURAI
CAMPOS DOS GOYTACAZES;-21.47888;-41.33638;RJCAMR4;BR 101 - KM 55, S/N - MORRO DO COCO
CAMPOS DOS GOYTACAZES;-21.82893;-41.28092;RJCAM06;
CAMPOS DOS GOYTACAZES;-22.92713;-43.575204;RJCAGI9;
CAMPOS DOS GOYTACAZES;-21.76153;-41.30772;RJCAM02;DOMINGOS VIANA, 152/154 - PARQUE TURF CLUB
CAMPOS DOS GOYTACAZES;-21.7517;-41.337;RJCAM03;
CAMPOS DOS GOYTACAZES;-21.8548;-41.5436;RJCAMR2;RODOVIA  BR101 - KM 30, S/N - CENTRO
CAMPOS DOS GOYTACAZES;-21.779579;-41.321529;RJCAM05;
CAMPOS DOS GOYTACAZES;-21.79748;-41.29535;RJCAM07;
CAMPOS DOS GOYTACAZES;-21.6197204589843;-41.3113899230957;RJCAM08;
CAMPOS DOS GOYTACAZES;-21.76194;-41.332359;RJCAM09;
CAMPOS DOS GOYTACAZES;-22.04135;-41.04946;RJCAM10;
CAMPOS DOS GOYTACAZES;-21.7433;-41.3222;RJCAM11;
CAMPOS DOS GOYTACAZES;-21.734;-41.31349;RJCAM18;
CAMPOS DOS GOYTACAZES;-22.0087;-41.6709;RJCAMR1;
CAMPOS DOS GOYTACAZES;-21.7577;-41.3233;RJCAM04;BOULEVARD FRANC. DE PAULA CARNEIRO, 10/12 - CENTRO
CAMPOS DOS GOYTACAZES;-21.74932;-41.29962;RJCAM19;
CAMPOS DOS GOYTACAZES;-21.741871;-41.357849;RJCAM12;
CAMPOS DOS GOYTACAZES;-21.9455555555556;-41.0522222222222;RJCAM14;PRINCIPAL, S/N - MARRECAS
CAMPOS DOS GOYTACAZES;-21.780621;-41.296581;RJCAM13;
CAMPOS DOS GOYTACAZES;-21.723524;-41.308903;RJCAM15;
CANTAGALO;-21.9081;-42.25983;RJCTG02;
CANTAGALO;-21.977472;-42.361222;RJCTG01;
CARAPEBUS;-22.1892;-41.6617;RJMCE13;GETULIO VARGAS, 638 - CENTRO
CARDOSO MOREIRA;-21.4941;-41.6206;RJCMO01;
CARMO;-21.9333;-42.6099;RJCRM01;
CASIMIRO DE ABREU;-22.592;-41.9946;RJBSJ01;
CASIMIRO DE ABREU;-22.4738;-42.1997;RJCAS01;BR-101, KM 207, S/N - MORRO DA CAIXA D'AGUA
CASIMIRO DE ABREU;-22.480608;-42.016848;RJCASR2;
CASIMIRO DE ABREU;-22.4303;-42.0119;RJCASR1;
CASIMIRO DE ABREU;-22.4747;-42.0719;RJCASR3;
COMENDADOR LEVY GASPARIAN;-22.0329;-43.2071;RJCOG01;MARIA DE MELO DOS SANTOS, S/N - CENTRO
CONCEICAO DE MACABU;-22.09179;-41.86224;RJCMB02;
CONCEICAO DE MACABU;-22.08451;-41.86649;RJCMB01;
CONCEICAO DE MACABU;-22.9014;-43.1793;RJCENSZ;
CONCEICAO DE MACABU;-22.078187;-41.862725;RJCMB03;ESMERALDA ALFENAS DA FONSECA, S/N - PARAISO
CORDEIRO;-22.0271;-42.3649;RJCRD01;C, 160, LOTE 64 - CORDEIRO
DUAS BARRAS;-22.07825;-42.40887;RJDUS02;ARLINDO ALENCAR, S/N - CENTRO
DUAS BARRAS;-22.0527;-42.523;RJDUS01;EVANGELISTA ALVARES GOMES, S/N - CENTRO
DUQUE DE CAXIAS;-22.65793;-43.2863;RJDQC66;CREPUSCULO, 133 - VILA SAO JUDAS TADEU
DUQUE DE CAXIAS;-22.785845;-43.286329;RJDQCIC;
DUQUE DE CAXIAS;-22.71081;-43.30632;RJDQC78;
DUQUE DE CAXIAS;-22.75969;-43.29005;RJDQC77;
DUQUE DE CAXIAS;-22.77006;-43.29631;RJDQC76;
DUQUE DE CAXIAS;-22.776209;-43.314529;RJDQC75;
DUQUE DE CAXIAS;-22.78344;-43.32427;RJDQC74;
DUQUE DE CAXIAS;-22.722519;-43.286689;RJDQC71;WASHINGTON LUIZ, KM 113,7 - VILA ACTURA
DUQUE DE CAXIAS;-22.68265;-43.29993;RJDQC80;CARMEM MIRANDA, S/N - LOTE 13, QUADRA 24 B - CHACARAS RIO-PETROPOLIS
DUQUE DE CAXIAS;-22.78242;-43.31008;RJDQC67;
DUQUE DE CAXIAS;-22.66771;-43.24639;RJDQC81;HAIA, S/N - VILA URUSSAY
DUQUE DE CAXIAS;-22.75266;-43.2801;RJDQC65;
DUQUE DE CAXIAS;-22.789611;-43.331361;RJDQC64;RIO DAS FLORES, S/N - PARQUE TIETE
DUQUE DE CAXIAS;-22.78637;-43.31664;RJDQC63;
DUQUE DE CAXIAS;-22.714274;-43.309887;RJDQC60;NOSSA SENHORA DE FATIMA, S/N - JARDIM VISTA ALEGRE
DUQUE DE CAXIAS;-22.751528;-43.305556;RJDQC58;
DUQUE DE CAXIAS;-22.7456;-43.32644;RJDQC52;
DUQUE DE CAXIAS;-22.76586;-43.31347;RJDQC51;
DUQUE DE CAXIAS;-22.67889;-43.26039;RJDQC68;CANAL DO FARIAS, S/N - PARQUE INDEPENDENCIA
DUQUE DE CAXIAS;-22.74241;-43.32138;RJDQC95;
DUQUE DE CAXIAS;-22.76738;-43.33831;RJDQC50;
DUQUE DE CAXIAS;-22.79389;-43.28583;RJDQCB0;
DUQUE DE CAXIAS;-22.685681;-43.284661;RJDQCA8;DOM TERESA, 160 - JARDIM PRIMAVERA
DUQUE DE CAXIAS;-22.57003;-43.31575;RJDQCA5;ERNANI PINHEIRO, 18 LOTE 04 QUADRA B - XEREM
DUQUE DE CAXIAS;-22.803811;-43.288909;RJDQCA3;
DUQUE DE CAXIAS;-22.62018;-43.21261;RJDQC99;
DUQUE DE CAXIAS;-22.76264;-43.34974;RJDQC98;
DUQUE DE CAXIAS;-22.69567;-43.25827;RJDQC79;
DUQUE DE CAXIAS;-22.784717;-43.307306;RJDQC96;
DUQUE DE CAXIAS;-22.70525;-43.27663;RJDQCA2;HIGINO CUNHA, 18 - VILA ACTURA
DUQUE DE CAXIAS;-22.68538;-43.24521;RJDQC94;
DUQUE DE CAXIAS;-22.64216;-43.23634;RJDQC92;JULIO DE CASTILHO, S/N - JARDIM ANHANGA
DUQUE DE CAXIAS;-22.787778;-43.308333;RJDQC91;
DUQUE DE CAXIAS;-22.79302;-43.31556;RJDQC85;
DUQUE DE CAXIAS;-22.76675;-43.33009;RJDQC84;
DUQUE DE CAXIAS;-22.67088;-43.29008;RJDQC83;G, S/N - LOTE 19 - CIDADE DOS MENINOS
DUQUE DE CAXIAS;-22.6367;-43.21323;RJDQC82;
DUQUE DE CAXIAS;-22.79066;-43.3138;RJDQC97;
DUQUE DE CAXIAS;-22.6463;-43.2497;RJDQC07;
DUQUE DE CAXIAS;-22.7897;-43.3253;RJDQC17;
DUQUE DE CAXIAS;-22.7742;-43.3089;RJDQC15;
DUQUE DE CAXIAS;-22.7619;-43.3261;RJDQC14;
DUQUE DE CAXIAS;-22.7572;-43.3071;RJDQC13;TENENTE CLETO CAMPELO, 1093 - VILA LEOPOLDINA
DUQUE DE CAXIAS;-22.725;-43.3056;RJDQC12;
DUQUE DE CAXIAS;-22.6863;-43.2555;RJDQC11;ASSUREMA, S/N -  LOTE 20, QUADRA 03 - PARQUE CHUNO
DUQUE DE CAXIAS;-22.6466;-43.2815;RJDQC10;PROJETADA D, S/N - LOTE 12, QUADRA C - VILA SANTA CRUZ
DUQUE DE CAXIAS;-22.618;-43.1974;RJDQC19;
DUQUE DE CAXIAS;-22.5788;-43.3047;RJDQC08;WILSON DE ARAUJO, 420 - XEREM
DUQUE DE CAXIAS;-22.79425;-43.29045;RJDQC18;
DUQUE DE CAXIAS;-22.6307;-43.214;RJDQC06;
DUQUE DE CAXIAS;-22.635805;-43.2435;RJDQCA4;CATULO CEARENSE, QUADRA 40 LOTE 29 - BAIRRO BRANCO
DUQUE DE CAXIAS;-22.7511;-43.2965;RJDQC05;
DUQUE DE CAXIAS;-22.7142;-43.2694;RJDQC04;
DUQUE DE CAXIAS;-22.7783;-43.2997;RJDQC01;ITAMARACA, 277 - VILA ITATIAIA
DUQUE DE CAXIAS;-22.883817;-43.279827;RJCXB2P;
DUQUE DE CAXIAS;-22.883817;-43.279827;RJCXB1P;
DUQUE DE CAXIAS;-22.72841;-43.31766;RJDQC49;
DUQUE DE CAXIAS;-22.6075;-43.2842;RJDQC09;MANOEL PEREIRA, S/N - XEREM
DUQUE DE CAXIAS;-22.794722;-43.305556;RJDQC33;
DUQUE DE CAXIAS;-22.77962;-43.28967;RJDQC47;MARTINS PENA, 446 - VILA SAO LUIS
DUQUE DE CAXIAS;-22.625267;-43.2852;RJDQC46;SABA, S/N - JARDIM OLIMPO
DUQUE DE CAXIAS;-22.63811;-43.26212;RJDQC45;DINAMARCA, S/N - PARQUE PAULISTA
DUQUE DE CAXIAS;-22.78962;-43.30268;RJDQC44;
DUQUE DE CAXIAS;-22.676;-43.2539;RJDQC39;
DUQUE DE CAXIAS;-22.7059;-43.2907;RJDQC37;
DUQUE DE CAXIAS;-22.7558;-43.3158;RJDQC36;JOT?O, S/N - JARDIM LEAL
DUQUE DE CAXIAS;-22.7616;-43.2991;RJDQC35;
DUQUE DE CAXIAS;-22.7873;-43.295;RJDQC16;
DUQUE DE CAXIAS;-22.7872;-43.3117;RJDQC34;
DUQUE DE CAXIAS;-22.6687;-43.2669;RJDQC21;MARCO AURELIO, 1265 - VILA MARIA HELENA
DUQUE DE CAXIAS;-22.7708;-43.2919;RJDQC32;
DUQUE DE CAXIAS;-22.6264;-43.2377;RJDQC31;CANAL A, S/N - LT 02 QD 26 - JARDIM IMBARIE
DUQUE DE CAXIAS;-22.7956;-43.2953;RJDQC30;
DUQUE DE CAXIAS;-22.7807;-43.3196;RJDQC29;
DUQUE DE CAXIAS;-22.7011;-43.2467;RJDQC27;ERVALIA, S/N - LOTE 26, QUADRA 32 - PARQUE BOM RETIRO
DUQUE DE CAXIAS;-22.737928;-43.316412;RJDQC25;
DUQUE DE CAXIAS;-22.7604;-43.2846;RJDQC24;
DUQUE DE CAXIAS;-22.70193;-43.29153;RJDQC23;
ENGENHEIRO PAULO DE FRONTIN;-22.4738;-43.5807;RJEPF02;C, S/N - MORRO AZUL
ENGENHEIRO PAULO DE FRONTIN;-22.5551;-43.6789;RJEPF01;
GUAPIMIRIM;-22.559468;-42.990765;RJGPM03;FRANCISAO BUARQUE, S/N - CAPIM
GUAPIMIRIM;-22.5483;-42.91;RJGPMR1;
GUAPIMIRIM;-22.6625;-42.9949;RJMAG10;TRINTA, LOTE 15, QUADRA 166 - VALE DAS PEDRINHAS
GUAPIMIRIM;-22.5364;-42.9821;RJGPM01;
GUAPIMIRIM;-22.51424;-42.97524;RJGPM02;CRISAOV?O BARNABE, S/N - JARDIM SOBERBO
IGUABA GRANDE;-22.837767;-43.392433;RJBGU01;
ITABORAI;-22.77579;-42.92148;RJITB14;01, S/N - ITABORAI
ITABORAI;-22.6822;-42.7766;RJITBR1;RJ 116 - KM 07, S/N - SAMBAETIBA
ITABORAI;-22.73578;-42.84729;RJITB20;
ITABORAI;-22.751769;-42.84984;RJITB19;
ITABORAI;-22.72845;-42.85859;RJITB18;ALVA TAVARES DE ALMEIDA, S/N - LOTEAMENTO CAMPO LINDO
ITABORAI;-22.75002;-42.86915;RJITB15;MIGUEL DA SILVA, S/N - RIO VARZEA
ITABORAI;-22.75735;-42.85776;RJITB11;RAIMUNDO DE FARIAS, 13 - AMPLIAC?O
ITABORAI;-22.7092;-42.893;RJITB09;MANOEL MOREL PECANHA, S/N - VISAONDE DE ITABORAI
ITABORAI;-22.728056;-42.828611;RJITB08;FLAVIO VASAONCELOS, S/N - QUADRA 2 - LOTE 17 - ESPERANCA
ITABORAI;-22.756;-42.8937;RJITB05;DOUTOR LEAL JUNIOR, S/N - LOTE 23, QUADRA 03 - RETIRO SAO JOAQUIM
ITABORAI;-22.734;-42.8055;RJITB04;CENTRO COMERCIAL SANTA ROSA, S/N - DUQUES
ITABORAI;-22.7833;-42.9372;RJITB03;PROJETADA 2, S/N - MARAMBAIA
ITABORAI;-22.769991;-42.92223;RJITB02;
ITABORAI;-22.7439;-42.8597;RJITB01;
ITABORAI;-22.77025;-42.93601;RJITB17;
ITAGUAI;-22.8541;-43.7726;RJITG05;
ITAGUAI;-22.87295;-43.76992;RJITG09;
ITAGUAI;-22.89466;-43.84385;RJITG14;
ITAGUAI;-22.916777;-43.813388;RJITG13;FELIX LOPES COELHO, S/N - ILHA DA MADEIRA
ITAGUAI;-22.86127;-43.77304;RJITG12;
ITAGUAI;-22.87305;-43.78582;RJITG11;
ITAGUAI;-22.86205;-43.79355;RJITG10;
ITAGUAI;-22.9017;-43.8682;RJITG06;
ITAGUAI;-22.8836;-43.8189;RJITG03;
ITAGUAI;-22.8664;-43.7799;RJITG01;
ITAGUAI;-22.8677;-43.7973;RJITG08;
ITAGUAI;-22.9287;-43.8303;RJITG07;
ITALVA;-21.4268;-41.6904;RJITV01;
ITAOCARA;-21.6709;-42.0829;RJITC01;PROJETADA, S/N - MORRO DE SAO JOAO
ITAPERUNA;-21.2217;-41.8889;RJITP03;
ITAPERUNA;-21.2017;-42.12;RJLJM01;PRESIDENTE JOAO GOULART, S/N - CHACARA DO CRUZEIRO
ITAPERUNA;-21.201419;-41.880853;RJITP01;
ITAPERUNA;-21.188661;-41.915556;RJITP02;
ITATIAIA;-22.47531;-44.54988;RJITT05;
ITATIAIA;-22.499092;-44.670319;RJITT04;
ITATIAIA;-22.332;-44.5511;RJITT03;DE VISAONDE DE MAUA, 4 - MAROMBA
ITATIAIA;-22.49831;-44.56788;RJITT01;ESMERALDA, S/N - VILA MAGNOLIA
ITATIAIA;-22.43447;-44.53356;RJITT02;AFRICA, S/N - LOTE 36 - VILA MAGNOLIA
JAPERI;-22.65011;-43.60313;RJJPR04;ARY SCHIAVO, 1026 - VILA NOSSA SENHORA DA CONCEIC?O
JAPERI;-22.6777;-43.5994;RJJPR05;ROBERTO BANDEIRA, S/N - JARDIM WILLIS
JAPERI;-22.65327;-43.65909;RJJPR07;
JAPERI;-22.67196;-43.60919;RJJPR06;DAS AMENDOEIRAS, S/N - ENGENHEIRO PEDREIRA
JAPERI;-22.69472;-43.59361;RJJPR03;ATENAS, S/N - GUARANI
JAPERI;-22.64589;-43.6528;RJJPR02;
JAPERI;-22.6791;-43.6102;RJJPR01;
MACAE;-22.42618;-41.86875;RJMCE33;
MACAE;-22.3878;-41.7722;RJMCE20;
MACAE;-22.37531;-41.77967;RJMCE21;
MACAE;-22.3963;-41.8135;RJMCE22;
MACAE;-22.357205;-41.7767;RJMCE25;
MACAE;-22.2394;-42.0574;RJMCE17;LAURO GONCALVES PACHECO, 981 - GLICERIO
MACAE;-22.38456;-41.78514;RJMCE27;LEOPOLDINA ARAUJO, 672 - VISAONDE DE ARAUJO
MACAE;-22.3894;-41.7918;RJMCE14;DOS JURITIS, S/N - RIVIERA FLUMINENSE
MACAE;-22.32064;-41.72207;RJMCE35;
MACAE;-22.39263;-41.80893;RJMCEI1;
MACAE;-22.366222;-41.938722;RJMCER1;
MACAE;-22.38762;-41.78477;RJMCE26;
MACAE;-22.2358;-41.783;RJMCER2;BR101, S/N - VILA DE CABIUNAS
MACAE;-22.4107;-41.8685;RJMCE15;
MACAE;-22.4522;-41.8772;RJMCER3;
MACAE;-22.3889;-41.823;RJMCE12;
MACAE;-22.3719;-41.7794;RJMCE09;
MACAE;-22.406305;-41.812632;RJMCE08;
MACAE;-22.306;-41.8842;RJMCE07;
MACAE;-22.290001;-41.713329;RJMCE06;AMARAL PEIXOTO, S/N - PRAIA CAMPISTA
MACAE;-22.3388;-41.758;RJMCE05;
MACAE;-22.4061;-41.8433;RJMCE04;
MACAE;-22.3678;-41.7942;RJMCE03;
MACAE;-22.3965;-41.7925;RJMCE02;ARTHUR BROCHADO, 102 - RIVIERA FLUMINENSE
MACAE;-22.3813;-41.7788;RJMCE01;
MACAE;-22.353611;-41.809444;RJMCE16;
MACUCO;-21.9879;-42.25235;RJMCC01;CHAFI ZARIFE, 2 - CENTRO
MACUCO;-21.9839;-42.2873;RJCTG03;DA ALVORADA, S/N - EUCLIDELANDIA
MAGE;-22.6476;-43.218;RJMAG07;AFONSO PENA, QUADRA 30, LOTE 11 E 12 - VILA SAPE
MAGE;-22.71532;-43.17975;RJMAG24;
MAGE;-22.59799;-43.19244;RJMAG23;ALAMEDA JORGINHO, S/N? - JARDIM DO NAZARENO
MAGE;-22.575024;-43.184979;RJMAG21;
MAGE;-22.6186;-43.18192;RJMAG17;
MAGE;-22.674172;-43.163358;RJMAG16;
MAGE;-22.64104;-43.22628;RJMAG14;DOM PEDRO SEGUNDO, 85 - VILA EMA
MAGE;-22.5829;-43.1688;RJMAG12;
MAGE;-22.708111;-43.126639;RJMAG25;
MAGE;-22.6642;-43.1207;RJMAG08;EVALDO LUIZ PEREIRA, S/N - ZONA RURAL
MAGE;-22.61821;-43.17034;RJMAG13;
MAGE;-22.70646;-43.15447;RJMAG06;
MAGE;-22.5906;-43.1858;RJMAG05;
MAGE;-22.6621;-43.0421;RJMAG04;
MAGE;-22.60882;-43.18151;RJMAG03;
MAGE;-22.5568;-43.048;RJMAG02;
MAGE;-22.6673;-43.0905;RJMAG01;VILA CLAUDIA, S/N - SURUI
MAGE;-22.61555;-43.03417;RJMAG11;TERESOPOLIS BR 116, S/N - CITROLANDIA
MAGE;-22.652807;-43.151979;RJMAG28;
MAGE;-22.635164;-43.027392;RJMAG27;
MANGARATIBA;-22.99223;-44.09642;RJMGA03;
MANGARATIBA;-22.949024;-44.077276;RJMGA07;
MANGARATIBA;-22.9416;-44.0411;RJMGA06;
MANGARATIBA;-22.9225;-43.9025;RJMGA05;
MANGARATIBA;-23.0368;-44.1519;RJMGA04;
MANGARATIBA;-22.96352;-44.03491;RJMGA08;
MANGARATIBA;-22.9702;-44.0394;RJMGA02;
MANGARATIBA;-22.9794;-43.2765;RJABV01;
MANGARATIBA;-22.9246;-43.9485;RJMGA01;
MARICA;-22.9539;-42.7289;RJMAK02;
MARICA;-22.923337;-42.82291;RJMAK16;
MARICA;-22.962778;-42.971944;RJMAK17;
MARICA;-22.896918;-42.93021;RJMAK18;
MARICA;-22.9659;-42.9475;RJMAK10;
MARICA;-22.9688;-42.9154;RJMAK09;116, S/N - JARDIM ATLANTICO
MARICA;-22.9567;-42.7803;RJMAK07;55, S/N - PRAIA DAS LAGOAS
MARICA;-22.9281;-42.8153;RJMAK01;
MARICA;-22.9357;-42.8926;RJMAK03;
MARICA;-22.9113;-42.9318;RJMAK04;
MARICA;-22.961942;-42.996532;RJMAK15;
MARICA;-22.96263;-42.98102;RJMAK05;24, S/N - ITAIPUACU
MARICA;-22.967;-43.0088;RJMAK06;ISALTINA FILOMENA SOARES, S/N - RECANTO
MARICA;-22.8894;-42.7964;RJMAK08;DE UBATIBA, 1801 - UBATIBA
MENDES;-22.5244;-43.7379;RJMND01;
MIGUEL PEREIRA;-22.4511;-43.4682;RJMIP02;DOUTOR ZIHER, S/N - JARDIM MIGUEL PEREIRA
MIGUEL PEREIRA;-22.4779;-43.4958;RJMIP01;LUIZ EUGENIO, 340 - GOVERNADOR PORTELA
MIRACEMA;-21.4105;-42.2003;RJMRC02;SAO BENEDITO, S/N - MORRO DO CRUZEIRO
MIRACEMA;-21.4149;-42.1958;RJMRC01;
NATIVIDADE;-21.0399;-41.9746;RJNTV01;VILLACA, S/N - MORRO DO AREIAO
NILOPOLIS;-22.81096;-43.41714;RJNIL01;
NILOPOLIS;-22.80705;-43.42659;RJNIL02;
NILOPOLIS;-22.798;-43.4038;RJNIL03;
NILOPOLIS;-22.79837;-43.41211;RJNIL04;
NILOPOLIS;-22.808472;-43.406444;RJNIL05;
NILOPOLIS;-22.81854;-43.42098;RJNIL06;
NILOPOLIS;-22.802757;-43.417672;RJNIL07;OSWALDO CRUZ, 115 - CENTRO
NITEROI;-22.8972;-43.1239;RJNITI1;
NITEROI;-22.90564;-43.08978;RJNIT58;
NITEROI;-22.9072;-43.1033;RJNIT37;
NITEROI;-22.9024;-43.1058;RJNIT38;
NITEROI;-22.89411;-43.03708;RJNIT39;
NITEROI;-22.9522;-43.0622;RJNIT41;DOUTOR NILTON VELMOSVITSKY, S/N - CAMBOINHAS
NITEROI;-22.9716;-43.0283;RJNIT42;
NITEROI;-22.9508;-43.0871;RJNIT43;
NITEROI;-22.9275;-43.09365;RJNIT44;
NITEROI;-22.8939;-43.1219;RJNIT01;VISAONDE DO URUGUAI, 535 - CENTRO
NITEROI;-22.8693;-43.1041;RJNIT48;
NITEROI;-22.87443;-43.13512;RJNIT76;
NITEROI;-22.9006;-43.1279;RJNIT50;
NITEROI;-22.9118;-43.1092;RJNIT51;
NITEROI;-22.906;-43.1314;RJNIT36;EDMUNDO MARCH, 2 - BOA VIAGEM
NITEROI;-22.932;-43.0206;RJNIT55;
NITEROI;-22.941859;-43.047158;RJNIT47;
NITEROI;-22.8888;-43.1226;RJNIT59;VISAONDE DE URUGUAI, 315 - CENTRO
NITEROI;-22.88101;-43.08063;RJNIT63;
NITEROI;-22.897993;-43.103414;RJNIT64;
NITEROI;-22.94055;-43.05635;RJNIT71;
NITEROI;-22.895975;-43.122731;RJNIT79;
NITEROI;-22.894391;-43.118896;RJNITI8;
NITEROI;-22.8928;-43.1222;RJNITS1;
NITEROI;-22.9088;-43.1008;RJNITS2;
NITEROI;-22.8901;-43.1141;RJNITS4;
NITEROI;-22.886972;-43.122278;RJNITS5;
NITEROI;-22.9056;-43.1122;RJNITS8;
NITEROI;-22.91945;-43.09373;RJNITSD;
NITEROI;-22.8682;-43.11749;RJNIT54;
NITEROI;-22.9161;-43.0894;RJNIT06;PADRE NATUZZI, 85 - SAO FRANCISAO
NITEROI;-22.88167;-43.10958;RJNIT02;BENJAMIN CONSTANT, 71 - FONSECA
NITEROI;-22.9025;-43.1242;RJNIT03;
NITEROI;-22.9114;-43.0478;RJNIT49;
NITEROI;-22.8828;-43.0865;RJNIT05;
NITEROI;-22.90027;-43.11805;RJNIT35;
NITEROI;-22.9335;-43.0699;RJNIT07;
NITEROI;-22.90703;-43.10897;RJNIT08;
NITEROI;-22.9043;-43.1005;RJNIT09;
NITEROI;-22.9046;-43.052;RJNIT10;CAETANO MONTEIRO, 1153 - PENDOTIBA
NITEROI;-22.9458;-43.0342;RJNIT11;
NITEROI;-22.8875;-43.1169;RJNIT12;XAVIER DE BRITO, 22 - CENTRO
NITEROI;-22.8719;-43.0958;RJNIT13;
NITEROI;-22.8761;-43.0536;RJNIT14;
NITEROI;-22.8953;-43.1136;RJNIT31;
NITEROI;-22.902781;-43.11016;RJNIT04;
NITEROI;-22.8816;-43.0973;RJNIT16;
NITEROI;-22.89452;-43.1191;RJNIT32;
NITEROI;-22.89729;-43.07742;RJNIT28;
NITEROI;-22.9111;-43.0661;RJNIT27;
NITEROI;-22.884;-43.0654;RJNIT26;
NITEROI;-22.89958;-43.11281;RJNIT18;
NITEROI;-22.8741;-43.1143;RJNIT24;
NITEROI;-22.9111;-43.1046;RJNIT21;
NITEROI;-22.9078;-43.1114;RJNIT20;
NITEROI;-22.903056;-43.112222;RJNIT19;
NITEROI;-22.889669;-43.09601;RJNIT25;
NITEROI;-22.885;-43.124444;RJNIT33;VISAONDE DO RIO BRANCO, 51 - CENTRO
NITEROI;-22.8997;-43.0961;RJNIT17;
NOVA FRIBURGO;-22.2649;-42.5323;RJNFR10;
NOVA FRIBURGO;-22.2317;-42.5352;RJNFR11;
NOVA FRIBURGO;-22.27247;-42.50581;RJNFR12;HELIO SILVA CANTO, S/N - ALTO DAS BRAUNES
NOVA FRIBURGO;-22.3505;-42.3217;RJNFR13;NAZARIO MONTEZUMA, S/N - LUMIAR
NOVA FRIBURGO;-22.2805;-42.595;RJNFRR2;
NOVA FRIBURGO;-22.2512;-42.636;RJNFRR4;
NOVA FRIBURGO;-22.3362;-42.5153;RJNFR09;SILVIO GONCALVES DA ROSA, 81 - MURY
NOVA FRIBURGO;-22.2858;-42.5333;RJNFR01;COMANDANTE DE BITTENCOURT, 20 - CENTRO
NOVA FRIBURGO;-22.255;-42.6892;RJNFRR3;TERESOPOLIS-FRIBURGO, S/N - CONQUISTA
NOVA FRIBURGO;-22.3073;-42.5251;RJNFR08;ANTIGA LINHA FERREA, 1000 - MURY
NOVA FRIBURGO;-22.2872;-42.5153;RJNFR07;VILA REPOS, S/N - BRAUNES
NOVA FRIBURGO;-22.2599;-42.5235;RJNFR06;
NOVA FRIBURGO;-22.228;-42.5207;RJNFR05;
NOVA FRIBURGO;-22.3043;-42.5407;RJNFR04;
NOVA FRIBURGO;-22.3165;-42.5471;RJNFR02;
NOVA FRIBURGO;-22.2475;-42.5235;RJNFR03;VEREADOR JOAO AUGUSTINHO ALVES DA COSTA, 57 - CENTRO
NOVA IGUACU;-22.7588;-43.4555;RJNIG53;
NOVA IGUACU;-22.7559;-43.451;RJNIG02;
NOVA IGUACU;-22.7644;-43.4285;RJNIG01;MACHADO DE ASSIS, 346 - IMPERADOR
NOVA IGUACU;-22.72665;-43.52882;RJNIG69;
NOVA IGUACU;-22.73096;-43.47951;RJNIG83;PASAOR LUTHER KING, 34 - BERNARDO KELNER
NOVA IGUACU;-22.740406;-43.490024;RJNIG82;
NOVA IGUACU;-22.769479;-43.509159;RJNIG80;
NOVA IGUACU;-22.76797;-43.440226;RJNIG77;
NOVA IGUACU;-22.708611;-43.520277;RJNIG76;
NOVA IGUACU;-22.79843;-43.58195;RJNIG75;
NOVA IGUACU;-22.69651;-43.45709;RJNIG55;SEMPREVIVA, 60 - VILA FORMOSA
NOVA IGUACU;-22.77546;-43.40421;RJNIG71;
NOVA IGUACU;-22.777638;-43.435222;RJNIG92;
NOVA IGUACU;-22.81218;-43.61204;RJNIG63;
NOVA IGUACU;-22.77089;-43.52971;RJNIG62;
NOVA IGUACU;-22.7496;-43.5115;RJNIG60;
NOVA IGUACU;-22.75553;-43.49634;RJNIG59;
NOVA IGUACU;-22.7904;-43.5493;RJNIG58;
NOVA IGUACU;-22.82596;-43.60351;RJNIG57;
NOVA IGUACU;-22.75535;-43.44562;RJNIG72;
NOVA IGUACU;-22.77244;-43.425785;RJNIGA5;
NOVA IGUACU;-22.7391;-43.5328;RJNIG03;
NOVA IGUACU;-22.7658;-43.414;RJNIG50;
NOVA IGUACU;-22.7522;-43.4483;RJNIGI1;
NOVA IGUACU;-22.84836;-43.61691;RJNIGB0;
NOVA IGUACU;-22.723853;-43.448267;RJNIGA9;
NOVA IGUACU;-22.743185;-43.466117;RJNIGA8;
NOVA IGUACU;-22.75333;-43.45579;RJNIG84;
NOVA IGUACU;-22.75247;-43.42855;RJNIGA6;
NOVA IGUACU;-22.788075;-43.408093;RJNIG90;KIEL, 26 - BANCO DE AREIA
NOVA IGUACU;-22.757889;-43.4625;RJNIGA4;HUMBERTO DE CAMPOS, LOTE 3 - LUZ
NOVA IGUACU;-22.76437;-43.49862;RJNIG97;
NOVA IGUACU;-22.68549;-43.47118;RJNIG96;
NOVA IGUACU;-22.695805;-43.428364;RJNIG95;
NOVA IGUACU;-22.728738;-43.444607;RJNIG94;
NOVA IGUACU;-22.7408;-43.44036;RJNIG93;
NOVA IGUACU;-22.807091;-43.438161;RJNIG89;
NOVA IGUACU;-22.732889;-43.507833;RJNIGA7;
NOVA IGUACU;-22.7523;-43.4656;RJNIG12;
NOVA IGUACU;-22.7386;-43.4533;RJNIG05;
NOVA IGUACU;-22.6973;-43.4701;RJNIG21;
NOVA IGUACU;-22.7115;-43.438;RJNIG20;ERMELINDA, 131 - MIGUEL COUTO
NOVA IGUACU;-22.7895;-43.4211;RJNIG19;
NOVA IGUACU;-22.7755;-43.4151;RJNIG18;
NOVA IGUACU;-22.706536;-43.419047;RJNIG16;
NOVA IGUACU;-22.81590556;-43.59356389;RJNIG23;
NOVA IGUACU;-22.7625;-43.4393;RJNIG14;
NOVA IGUACU;-22.6776;-43.4533;RJNIG22;ARLINDA, 286 - VILA DE CAVA
NOVA IGUACU;-22.7171;-43.5274;RJNIG11;
NOVA IGUACU;-22.7475;-43.4987;RJNIG10;
NOVA IGUACU;-22.77733;-43.54207;RJNIG09;
NOVA IGUACU;-22.8019;-43.5923;RJNIG08;
NOVA IGUACU;-22.831;-43.6186;RJNIG07;
NOVA IGUACU;-22.76117;-43.45144;RJNIG54;
NOVA IGUACU;-22.77118;-43.55305;RJNIG91;
NOVA IGUACU;-22.7499;-43.4391;RJNIG15;
NOVA IGUACU;-22.730556;-43.469444;RJNIG44;RUTE, S/N - OLIVEIRA
NOVA IGUACU;-22.758141;-43.48002;RJNIG04;
NOVA IGUACU;-22.7354;-43.4455;RJNIG51;F, S/N - POSSE
NOVA IGUACU;-22.7924;-43.4301;RJNIG49;
NOVA IGUACU;-22.7445;-43.452;RJNIG48;
NOVA IGUACU;-22.7311;-43.4608;RJNIG47;
NOVA IGUACU;-22.7603;-43.4483;RJNIG45;DOUTOR LUIZ GUIMAR?ES, 85 - CENTRO
NOVA IGUACU;-22.7154;-43.4281;RJNIG43;JACARANDA, S/N - BARAO DE GUANDU
NOVA IGUACU;-22.744;-43.4801;RJNIG42;
NOVA IGUACU;-22.7195;-43.4546;RJNIG40;DA PROCLAMAC?O, 227 - PARQUE FLORA
NOVA IGUACU;-22.7999;-43.4311;RJNIG37;
NOVA IGUACU;-22.6944;-43.42;RJNIG31;
NOVA IGUACU;-22.7022;-43.5256;RJNIG28;ZENO SOARES, S/N - VILA GUIMAR?ES
NOVA IGUACU;-22.743;-43.5185;RJNIG26;
NOVA IGUACU;-22.7612;-43.5198;RJNIG25;ANA TEODORO DO AMARAL, S/N - JARDIM PALMARES
NOVA IGUACU;-22.8148;-43.6448;RJNIG46;
PARACAMBI;-22.6295;-43.8917;RJPIR01;
PARACAMBI;-22.5114;-44.0064;RJPIR02;
PARACAMBI;-22.6991;-43.7583;RJPIRR1;RODOVIA PRESIDENTE DUTRA, S/N - CABRAL
PARACAMBI;-22.6136;-43.715;RJPRB01;DA FLORESTA, S/N - CENTRO
PARACAMBI;-22.626889;-43.70275;RJPRB03;FRANCISAO GUIDA, 274 - LAGES
PARACAMBI;-22.60411;-43.7018;RJPRB04;03, S/N, LOTE 4, QUADRA A - CAMINHO DA SERRA
PARAIBA DO SUL;-22.1645;-43.2962;RJPSU01;LUIZ NEVES, 400 - PALHAS
PARAIBA DO SUL;-22.200378;-43.366648;RJPSU06;BR 393, KM 193 - VIEIRA CORTEZ
PARAIBA DO SUL;-22.1967;-43.167;RJARER1;BR 040, S/N - BARRA FAGUNDES
PARAIBA DO SUL;-22.2245;-43.312;RJPSU02;PORCINA FONSECA DE MORAES, S/N - WERNECK
PARAIBA DO SUL;-22.1753;-43.29636;RJPSU07;
PARAIBA DO SUL;-22.1662;-43.28838;RJPSU03;
PARAIBA DO SUL;-22.1774;-43.3337;RJPSUR1;BR 393 LE, KM 188 - CANAVIAL
PARATI;-23.0457;-44.6016;RJPRTR3;BR 101 - KM 563, S/N - TARITUBA
PARATI;-23.2173;-44.7366;RJPRT05;DO CORISAO, S/N - CENTRO
PARATI;-23.33666;-44.68047;RJPRT04;DA GLEBA VERMELHA, S/N - LARANJEIRAS
PARATI;-23.351;-44.7247;RJPRT03;SOBRAL PINTO, S/N - TRINDADE
PARATI;-23.0252;-44.5456;RJPRT02;BR 101(RIO-SANTOS) - KM 147, S/N - MAMBUCABA
PARATI;-23.215;-44.7146;RJPRT01;DO CEMITERIO, S/N - CABORE
PARATI;-23.26947;-44.68359;RJPRTR2;BR 101 - KM 585, S/N - ITATINGA
PARATI;-23.089167;-44.696111;RJPRTR1;
PATY DO ALFERES;-22.3193;-43.4081;RJPAT02;OSWALDO FERNANDES DE BARROS, S/N - LOTE 67 - AVELAR
PATY DO ALFERES;-22.4286;-43.4263;RJPAT01;PREFEITO EDMUNDO BERNARDES, 651 - CENTRO
PETROPOLIS;-22.34646;-43.13212;RJPET76;
PETROPOLIS;-22.538115;-43.195511;RJPET77;
PETROPOLIS;-22.392;-43.1497;RJPET75;
PETROPOLIS;-22.5056;-43.17642;RJPET79;
PETROPOLIS;-22.384251;-43.123249;RJPET84;
PETROPOLIS;-22.480828;-43.219019;RJPET87;
PETROPOLIS;-22.5756;-43.2543;RJPETR1;
PETROPOLIS;-22.5433;-43.2367;RJPETR2;
PETROPOLIS;-22.4994;-43.2296;RJPETR4;
PETROPOLIS;-22.4617;-43.2262;RJPETR5;A, 169 - FAZENDA INGLESA
PETROPOLIS;-22.4401;-43.1858;RJPETR6;
PETROPOLIS;-22.32781;-43.13017;RJPETR7;JULIO DE JESUS GABRIEL, S/N - PEDRO DO RIO
PETROPOLIS;-22.2865;-43.1235;RJPETR8;
PETROPOLIS;-22.4644;-43.1617;RJPET24;DOUTOR LIPPOLD, 15 - CARANGOLA
PETROPOLIS;-22.4173;-43.1546;RJPETR9;BR 040 - KM64,5, S/N - LOTE 22 - BONSUCESAO
PETROPOLIS;-22.5076;-43.1852;RJPET08;
PETROPOLIS;-22.54524;-43.2163;RJPET17;ANTONIO DA SILVA LIGEIRO, S/N - INDEPENDENCIA
PETROPOLIS;-22.52959;-43.17493;RJPET16;
PETROPOLIS;-22.51143;-43.20462;RJPET15;
PETROPOLIS;-22.4179;-43.1819;RJPET14;DAS PEROBAS, S/N - ARARAS
PETROPOLIS;-22.3807;-43.106;RJPET13;JOSE DA ROSA RABELLO, 705 - ITAIPAVA
PETROPOLIS;-22.3969;-43.1343;RJPET12;
PETROPOLIS;-22.4254;-43.1254;RJPET11;COUNTRY CLUB, S/N - LOTE 16 - NOGUEIRA
PETROPOLIS;-22.50728;-43.17019;RJPET18;DO IMPERADOR, 12 - CENTRO
PETROPOLIS;-22.4675;-43.1511;RJPET09;RICARDO SALVINI, 280 - ROSEIRAL
PETROPOLIS;-22.4985;-43.1974;RJPET05;
PETROPOLIS;-22.4868;-43.1549;RJPET07;
PETROPOLIS;-22.478;-43.17203;RJPET06;BAR?O DO RIO BRANCO, 3250 - CENTRO
PETROPOLIS;-22.41722;-43.14008;RJPET70;
PETROPOLIS;-22.5316;-43.2138;RJPET04;HONDURAS, 440 - QUINTANDINHA
PETROPOLIS;-22.33265;-43.18383;RJPET26;DA ROCINHA, S/N - SECRETARIO
PETROPOLIS;-22.5233;-43.1922;RJPET02;
PETROPOLIS;-22.5107;-43.1763;RJPET01;DO IMPERADOR, 675 - CENTRO
PETROPOLIS;-22.445;-43.1411;RJPET10;RODOLPHO FIGUEIRA DE MELLO, 6 - CORREAS
PETROPOLIS;-22.52261;-43.15868;RJPET28;PROFESAOR EUGENIO WERNECK, 78 - MORIN
PETROPOLIS;-22.50415;-43.18204;RJPET67;
PETROPOLIS;-22.41833889;-43.12444167;RJPET61;
PETROPOLIS;-22.43473;-43.17135;RJPET47;
PETROPOLIS;-22.36728;-43.12299;RJPET46;
PETROPOLIS;-22.5168;-43.2278;RJPET42;
PETROPOLIS;-22.49658;-43.16185;RJPET40;
PETROPOLIS;-22.395459;-43.127386;RJPET38;
PETROPOLIS;-22.5164;-43.1703;RJPET03;
PETROPOLIS;-22.48987;-43.177794;RJPET29;PROFESAOR STROELE, 99 - QUARTEIR?O BRASILEIRO
PETROPOLIS;-22.4048;-43.0971;RJPET25;
PETROPOLIS;-22.26034;-43.07817;RJPET69;
PETROPOLIS;-22.42879;-43.23096;RJPET22;BERNARDO COUTINHO, 8151 - ARARAS
PETROPOLIS;-22.5117;-43.1868;RJPET36;
PETROPOLIS;-22.5219;-43.2178;RJPET19;RIO GRANDE DO SUL, S/N - QUITANDINHA
PETROPOLIS;-22.3884;-43.0627;RJPET23;DO CANTAGALO, S/N - CANTAGALO
PIRAI;-22.5939;-43.949;RJPIRR3;CARLOS GOMES, 231 - KOPPLANA
PIRAI;-22.6611;-43.8436;RJPIRR2;RESTAURANTE CAICARA, S/N - CAICARA
PIRAI;-22.5795;-43.9817;RJPIRR4;
PIRAI;-22.900737;-43.188015;RJPICO2;
PORCIUNCULA;-20.9666;-42.0417;RJPRC01;CORONEL ELMANO PEREZ MOREIRA, S/N - CENTRO
PORTO REAL;-22.421943;-44.340878;RJPRL04;
PORTO REAL;-22.4467;-44.3033;RJPRL01;
PORTO REAL;-22.4244;-44.3512;RJPRL02;
PORTO REAL;-22.4308;-44.3195;RJPRL03;FLORIANO - PORTO REAL, S/N - BULH?ES
QUATIS;-22.4122;-44.2694;RJQAT01;EUCLIDES COTIA, 730 - JARDIM POLASTRI
QUEIMADOS;-22.71577;-43.58495;RJQUE06;ISIDORO BLUVOL, 37 - QUADRA H - - JARDIM CAMPO ALEGRE
QUEIMADOS;-22.730829;-43.618328;RJQUER2;PRES. DUTRA - KM 197, S/N - QUEIMADOS
QUEIMADOS;-22.70950278;-43.55575556;RJQUE16;
QUEIMADOS;-22.72625;-43.56752;RJQUE14;RUA AMERICO PINHO, LT. 24 DA QD. F - SAO CRISAOV?O
QUEIMADOS;-22.729799;-43.653412;RJQUE10;
QUEIMADOS;-22.70171;-43.56095;RJQUE03;
QUEIMADOS;-22.71842;-43.55507;RJQUE01;APARECIDA, S/N - QUEIMADOS
QUEIMADOS;-22.712;-43.6311;RJQUE07;
QUEIMADOS;-22.71186;-43.56242;RJQUE08;
QUISSAMA;-22.20972;-41.47833;RJQSM02;
QUISSAMA;-22.1112;-41.4721;RJQSM01;
RESENDE;-22.4568;-44.4348;RJRES05;
RESENDE;-22.4575;-44.39083;RJRESR1;MARECHAL CANDIDO RONDON, S/N - LOTE 01, QUADRA B - PARQUE EMBAIXADOR
RESENDE;-22.4785;-44.4947;RJRES04;DAS SAMAMBAIAS, S/N - CIDADE ALEGRIA
RESENDE;-22.4611;-44.4538;RJRES01;
RESENDE;-22.4745;-44.4627;RJRES03;
RIO BONITO;-22.7516;-42.5944;RJRBTR1;
RIO BONITO;-22.7907;-42.5112;RJRBTR2;
RIO BONITO;-22.7171;-42.6188;RJRBT02;
RIO BONITO;-22.7167;-42.6319;RJRBT01;
RIO CLARO;-22.7196;-44.1269;RJRCL01;BR 155, KM 31 - RIO CLARO
RIO DAS FLORES;-22.1725;-43.5852;RJRFS01;MOACIR SUCENA SERRA, S/N - CRUZEIRO
RIO DAS FLORES;-22.16546;-43.58127;RJRFS02;PACHECO LE?O, S/N - CENTRO
RIO DASAOSTRAS;-22.5202;-41.928;RJROS01;
RIO DASAOSTRAS;-22.4885;-41.9117;RJROS02;DOS BANDEIRANTES, 690 - ENSEADA DAS GAIVOTAS
RIO DASAOSTRAS;-22.5287;-41.954;RJROS03;
RIO DASAOSTRAS;-22.54295;-41.974231;RJROS04;
RIO DASAOSTRAS;-22.52103;-41.94369;RJROS05;
RIO DASAOSTRAS;-22.5041;-41.9239;RJROS06;
SANTA MARIA MADALENA;-21.96754;-42.01761;RJSDA01;ADOLPHO RODRIGUES, 19 - CENTRO
SANTO ANTONIO DE PADUA;-21.5522;-42.1765;RJSTP03;
SANTO ANTONIO DE PADUA;-21.5363;-42.1942;RJSTP02;
SANTO ANTONIO DE PADUA;-21.5423;-42.1821;RJSTP01;
SAO FIDELIS;-21.6465;-41.7486;RJSFL01;
SAO FRANCISAO DE ITABAPOANA;-21.47935;-41.10749;RJSFI01;
SAO FRANCISAO DE ITABAPOANA;-21.4935;-41.069;RJSFI02;D. CARMINHA, S/N - GUAXINDIBA
SAO GONCALO;-22.8188;-43.0694;RJSAO39;
SAO GONCALO;-22.82398;-43.03619;RJSAO52;
SAO GONCALO;-22.83967;-43.00105;RJSAO49;
SAO GONCALO;-22.8133;-43.0065;RJSAO47;
SAO GONCALO;-22.83593;-43.06061;RJSAO46;UMBELINA, 513 - SETE PONTES
SAO GONCALO;-22.7962;-42.9679;RJSAO44;ALCINDO GUANABARA, S/N - QUADRA 349 - JARDIM BOM RETIRO
SAO GONCALO;-22.8773;-43.0266;RJSAO33;
SAO GONCALO;-22.8289;-43.0044;RJSAO40;
SAO GONCALO;-22.79893;-42.9792;RJSAO56;
SAO GONCALO;-22.8056;-43.0031;RJSAO38;LUCIO BITENCOURT, 60 - JARDIM CATARINA
SAO GONCALO;-22.8134;-42.9695;RJSAO37;AMERICO VESPUCIO, 22 - VISTA ALEGRE
SAO GONCALO;-22.8667;-43.0703;RJSAO36;
SAO GONCALO;-22.9059;-42.9789;RJSAO35;AMARAL PEIXOTO, S\N - VARZEA DAS MOCAS
SAO GONCALO;-22.8512;-43.0831;RJSAO34;HENRIQUE BENTO ESPINOSA, 225 - COVANCA
SAO GONCALO;-22.8293;-43.0934;RJSAO42;
SAO GONCALO;-22.81277;-42.9948;RJSAO78;
SAO GONCALO;-22.8137;-43.0717;RJSAOI1;SAO GONCALO, 100 - BOA VISTA
SAO GONCALO;-22.82052;-43.00165;RJSAOA7;
SAO GONCALO;-22.78871;-43.00688;RJSAOA6;FLORENTINO GIOVANI, LOTE 27  QUADRA 220 - JARDIM CATARINA
SAO GONCALO;-22.81064;-43.0489;RJSAOA4;
SAO GONCALO;-22.80047;-42.994;RJSAOA1;
SAO GONCALO;-22.86453;-43.01962;RJSAO53;
SAO GONCALO;-22.838695;-43.067985;RJSAO80;
SAO GONCALO;-22.78607;-43.03056;RJSAO55;
SAO GONCALO;-22.81691;-42.99976;RJSAO75;JOSE SIQUEIRA, 91 - ALCANTARA
SAO GONCALO;-22.80676;-43.02229;RJSAO74;
SAO GONCALO;-22.823489;-42.964569;RJSAO65;OLIMPIO DA SILVA, 1293, LOTE 14 - BARRAC?O
SAO GONCALO;-22.8177;-42.9816;RJSAO64;
SAO GONCALO;-22.84554;-42.94773;RJSAO57;
SAO GONCALO;-22.8214;-43.0464;RJSAO41;
SAO GONCALO;-22.83012;-42.9887;RJSAO93;
SAO GONCALO;-22.833;-43.0406;RJSAO07;
SAO GONCALO;-22.8169;-43.0336;RJSAO14;FRANCISAO TAVARES, LOTE 28 - S/N - NOSSA SENHORA DA PENHA
SAO GONCALO;-22.7929;-43.0373;RJSAO13;
SAO GONCALO;-22.7936;-42.9972;RJSAO12;
SAO GONCALO;-22.8566;-43.0992;RJSAO11;
SAO GONCALO;-22.7808;-42.9731;RJSAO10;
SAO GONCALO;-22.841213;-42.991327;RJSAO15;VICENCIO DA SILVA, S/N - COELHO
SAO GONCALO;-22.847206;-42.956638;RJSAO32;ALBERTINA GONCALVES DACAL, 367 - SANTA IZABEL
SAO GONCALO;-22.8586;-43.0253;RJSAO08;VISAONDE DE SANTAREM, 291 - TRIBOBO
SAO GONCALO;-22.8631;-43.0092;RJSAO43;
SAO GONCALO;-22.7991;-43.0549;RJSAO05;
SAO GONCALO;-22.8181;-43.0169;RJSAO04;DOUTOR ALFREDO BACKER, 115 - MUTONDO
SAO GONCALO;-22.8252;-43.0571;RJSAO03;
SAO GONCALO;-22.8417;-43.0711;RJSAO02;
SAO GONCALO;-22.8607;-43.0858;RJSAO01;
SAO GONCALO;-22.7939;-42.9528;RJSAO09;AFONSO ARINOS, 06 - JARDIM BOM RETIRO
SAO GONCALO;-22.8098;-43.0381;RJSAO24;
SAO GONCALO;-22.8529;-43.0076;RJSAO16;
SAO GONCALO;-22.8283;-42.9747;RJSAO31;
SAO GONCALO;-22.8385;-43.0157;RJSAO30;DIRCEU VALENTE, 179 - COLUBANDE
SAO GONCALO;-22.8278;-43.0258;RJSAO29;
SAO GONCALO;-22.8377;-43.0897;RJSAO28;COMANDANTE ARI PAREIRAS, 125 - PORTO VELHO
SAO GONCALO;-22.8294;-43.0754;RJSAO27;
SAO GONCALO;-22.822821;-43.002559;RJSAO06;
SAO GONCALO;-22.8169;-43.0556;RJSAO25;
SAO GONCALO;-22.8003;-43.0217;RJSAO23;
SAO GONCALO;-22.805833;-42.983056;RJSAO22;BISAO DON JOAO DA MATA, S/N - LARANJAL
SAO GONCALO;-22.809722;-42.955833;RJSAO20;
SAO GONCALO;-22.8464;-43.0553;RJSAO19;
SAO GONCALO;-22.8238;-43.0811;RJSAO18;SILVIO VALE, 135 - GRADIM
SAO GONCALO;-22.8783;-42.9851;RJSAO17;
SAO JOAO DA BARRA;-21.64576;-41.05293;RJSJB01;
SAO JOAO DA BARRA;-22.646667;-42.395833;RJSJD01;
SAO JOAO DA BARRA;-21.7296;-41.1812;RJSJB03;
SAO JOAO DA BARRA;-21.81907;-41.02178;RJSJB04;
SAO JOAO DA BARRA;-21.6947;-41.0306;RJSJB02;MERCEDES VASAONCELOS MOTTA, 104 - PRAIA DE GRUSSAI
SAO JOAO DE MERITI;-22.790778;-43.385962;RJSJM24;
SAO JOAO DE MERITI;-22.7761;-43.3848;RJSJM14;DA PRATA, S/N - COELHO DA ROCHA
SAO JOAO DE MERITI;-22.77867;-43.34829;RJSJM15;
SAO JOAO DE MERITI;-22.798854;-43.368375;RJSJM16;
SAO JOAO DE MERITI;-22.779352;-43.368071;RJSJM18;
SAO JOAO DE MERITI;-22.788803;-43.360787;RJSJM19;
SAO JOAO DE MERITI;-22.809247;-43.3666;RJSJM29;
SAO JOAO DE MERITI;-22.802917;-43.364083;RJSJM21;
SAO JOAO DE MERITI;-22.797403;-43.352265;RJSJMI4;
SAO JOAO DE MERITI;-22.776843;-43.393857;RJSJM26;
SAO JOAO DE MERITI;-22.782604;-43.363877;RJSJM27;
SAO JOAO DE MERITI;-22.80137;-43.3918;RJSJM28;
SAO JOAO DE MERITI;-22.7880555555556;-43.38;RJSJM13;
SAO JOAO DE MERITI;-22.772371;-43.352906;RJSJM23;
SAO JOAO DE MERITI;-22.81326;-43.37457;RJSJM20;PROFESAOR BERNARDINO ROCHA, 113 - PAVUNA
SAO JOAO DE MERITI;-22.7938;-43.3678;RJSJM02;
SAO JOAO DE MERITI;-22.7833;-43.3819;RJSJM12;
SAO JOAO DE MERITI;-22.78028;-43.37447;RJSJM25;JOANA KALIL, QD 71 LT01 - JARDIM MERITI
SAO JOAO DE MERITI;-22.7749;-43.3616;RJSJM01;
SAO JOAO DE MERITI;-22.7852;-43.3519;RJSJM03;
SAO JOAO DE MERITI;-22.78611;-43.39437;RJSJM04;
SAO JOAO DE MERITI;-22.79618;-43.37784;RJSJM05;
SAO JOAO DE MERITI;-22.8057;-43.3736;RJSJM06;DEOLINDA CESAR, 128 - CENTRO
SAO JOAO DE MERITI;-22.8092;-43.3922;RJSJM07;FRANCISAO TORQUILHO, 779 - TOMAZINHO
SAO JOAO DE MERITI;-22.7715;-43.3731;RJSJM09;
SAO JOAO DE MERITI;-22.79936;-43.35153;RJSJM10;SAO JOAO-CAXIAS, 11 - CENTRO
SAO JOAO DE MERITI;-22.7809;-43.3381;RJSJM11;
SAO JOSE DE UBA;-21.3599;-41.9404;RJSJU01;
SAO JOSE DO VALE DO RIO PRETO;-22.1731;-42.839;RJTERR6;BR 116 (RIO - BAHIA) - KM 46,5, S/N - AGUA QUENTE
SAO JOSE DO VALE DO RIO PRETO;-22.19;-42.9826;RJSZJ02;SILVEIRA DA MOTTA, S/N - JAGUARA
SAO JOSE DO VALE DO RIO PRETO;-22.159;-42.9278;RJSZJ01;DA ROCHA BARROS FILHO, S/N - JAGUARA
SAO PEDRO DA ALDEIA;-22.8404;-42.0992;RJSPD01;ISABEL S. SILVA, S/N - LOTE 13, QUADRA 07 - MOSAORO
SAO PEDRO DA ALDEIA;-22.848527;-42.1008;RJSPD04;
SAO PEDRO DA ALDEIA;-22.84478;-42.1546;RJSPDR1;
SAO PEDRO DA ALDEIA;-22.83286;-42.09942;RJSPD05;PALMEIRAS, S/N - PARELHEIROS
SAO PEDRO DA ALDEIA;-22.7592;-42.0786;RJSPDR2;AMARAL PEIXOTO, S/N - SITIO BOA VISTA
SAO PEDRO DA ALDEIA;-22.8575;-42.0644;RJSPD02;
SAO PEDRO DA ALDEIA;-22.826478;-42.092279;RJSPD03;COMANDANTE ITURIEL, 1000 - BELA VISTA
SAO SEBASTIAO DO ALTO;-21.9571;-42.1398;RJSSW01;
SAPUCAIA;-21.98167;-42.75133;RJSAPR2;
SAPUCAIA;-21.92853;-42.70031;RJSAPR1;
SAPUCAIA;-21.9982;-42.9197;RJSAP01;SEBASTI?O LOURENZO, S/N - CENTRO
SAPUCAIA;-22.1238;-42.7681;RJSAPR4;BR 116, S/N - VILA DO PI?O
SAPUCAIA;-22.047018;-42.781538;RJSAPR3;
SAQUAREMA;-22.8542;-42.5294;RJSQAR1;
SAQUAREMA;-22.8985;-42.4687;RJSQA02;A, S/N - BACAXA
SAQUAREMA;-22.9285;-42.5946;RJSQA03;
SAQUAREMA;-22.8847;-42.4125;RJSQA04;E, LOTE 114 - QUADRA 06 - IPATINGAS
SAQUAREMA;-22.9174;-42.4136;RJSQA06;PRAIA DO MOLEQUE, 106 - JARDIM IPITANGAS
SAQUAREMA;-22.875997;-42.392758;RJSQA12;
SAQUAREMA;-22.884353;-42.435989;RJSQA13;
SAQUAREMA;-22.9322;-42.4911;RJSQA01;
SEROPEDICA;-22.74757;-43.70251;RJSPK02;SOLANGE DE SOUZA, 319 - FAZENDA CAXIAS
SEROPEDICA;-22.76968;-43.6751;RJSPK03;
SEROPEDICA;-22.75182;-43.6908;RJSPK01;
SEROPEDICA;-22.7167;-43.6992;RJSPKR1;
SILVA JARDIM;-22.6525;-42.484444;RJSJDR1;BR 101 - KM 246, S/N - CEZARIO ALVIM
SILVA JARDIM;-22.6098;-42.3897;RJSJDR3;DO CAMBUCAES, 35 - BOQUEIR?O
SILVA JARDIM;-22.524;-42.3349;RJSJDR2;
SUMIDOURO;-22.0513;-42.6749;RJSIU01;
TANGUA;-22.7322;-42.7173;RJTGAR1;
TERESOPOLIS;-22.2604;-42.7436;RJTERR4;RJ 130, KM 35 - VIEIRA
TERESOPOLIS;-22.37534;-42.8714;RJTER16;
TERESOPOLIS;-22.42403;-42.96346;RJTER17;
TERESOPOLIS;-22.41728;-42.96322;RJTER18;
TERESOPOLIS;-22.420416;-42.976249;RJTER28;
TERESOPOLIS;-22.2704;-42.7973;RJTERR3;RJ 130, KM 27 - BONSUCESAO
TERESOPOLIS;-22.410217;-42.968599;RJTER15;
TERESOPOLIS;-22.2655;-42.9275;RJTERR5;BR 116, KM 6 - PROVIDENCIA
TERESOPOLIS;-22.4277;-42.9719;RJTER08;NILO TAVARES, S/N - FAZENDINHA
TERESOPOLIS;-22.34566;-42.8684;RJTERR2;
TERESOPOLIS;-22.4105;-42.9749;RJTER03;
TERESOPOLIS;-22.418;-42.9989;RJTER10;
TERESOPOLIS;-22.3845;-42.9498;RJTER14;
TERESOPOLIS;-22.3861;-42.9941;RJTER02;
TERESOPOLIS;-22.4504;-42.9724;RJTER04;
TERESOPOLIS;-22.3822;-42.9132;RJTER05;RJ130, KM 6 - ALBUQUERQUE
TERESOPOLIS;-22.4322;-42.9467;RJTER06;
TERESOPOLIS;-22.40352;-42.95776;RJTER07;
TERESOPOLIS;-22.3927;-42.9882;RJTER09;
TERESOPOLIS;-22.372;-42.9297;RJTER11;DAS MAGNOLIAS, S/N - ALBUQUERQUE
TERESOPOLIS;-22.3794;-42.9785;RJTER12;JOSE MANOEL DELGADO, 200 - GRANJA FLORESTAL
TERESOPOLIS;-22.4391;-42.9791;RJTER01;
TRAJANO DE MORAIS;-22.0641;-42.0584;RJTJN01;
TRES RIOS;-22.11851;-43.1931;RJTRR06;
TRES RIOS;-22.0402;-43.0014;RJTRRR3;
TRES RIOS;-22.0988;-43.0812;RJTRRR2;
TRES RIOS;-22.1203;-43.1525;RJTRRR1;PANGARE, S/N - MOURA BRASIL
TRES RIOS;-22.126618;-43.154872;RJTRR08;SILVERIO DE MEDEIROS, 50 - MOURA BRASIL
TRES RIOS;-22.12389;-43.17389;RJTRR05;
TRES RIOS;-22.1261;-43.2345;RJTRR04;
TRES RIOS;-22.1024;-43.2146;RJTRR03;
TRES RIOS;-22.108;-43.1892;RJTRR02;JOSE NASSER, 357 - VILA ISABEL
TRES RIOS;-22.1162;-43.2088;RJTRR01;
VALENCA;-22.24467;-43.7038;RJVAL01;DOUTOR FIGUEIREDO, 159 - CENTRO
VALENCA;-22.25475;-43.71043;RJVAL04;27 DE NOVEMBRO, 1100 - SANTA CRUZ
VALENCA;-22.2636;-43.693;RJVAL02;DA BOA VISTA, S/N - ZONA RURAL
VALENCA;-22.28867;-43.92384;RJVAL03;LUDOVICO COSATI, 166 - BENFICA
VARRE-SAI;-20.9285;-41.8634;RJVRR01;OCTAVIO MONERAT, S/N - CENTRO
VASSOURAS;-22.4303;-43.7236;RJBPIR2;BR 393, S/N - BEIRA CH?O
VASSOURAS;-22.4106;-43.6544;RJVAS01;SANTA HELENA, S/N - MORRO DA VACA
VASSOURAS;-22.4134;-43.6716;RJVAS02;PREFEITO HENRIQUE BORGES, 811 - CENTRO
VASSOURAS;-22.40415;-43.66959;RJVAS04;
VASSOURAS;-22.3221;-43.5348;RJVASR1;
VOLTA REDONDA;-22.4881;-44.0739;RJVRE04;PORTO VELHO, S/N - SANTO AGOSTINHO
VOLTA REDONDA;-22.59053;-44.06951;RJVRER1;FIGUEIRAS, S/N - SERRINHA
VOLTA REDONDA;-22.5333;-44.07776;RJVRE23;DOS METALURGICOS, 2500 - CASA DE PEDRA
VOLTA REDONDA;-22.5156;-44.136;RJVRE19;
VOLTA REDONDA;-22.47707;-44.0654;RJVRE16;JOAQUIM PACHECO, 01 - SAO LUIS
VOLTA REDONDA;-22.5231;-44.1029;RJVRE14;
VOLTA REDONDA;-22.4672;-44.0968;RJVRE11;
VOLTA REDONDA;-22.5074;-44.1249;RJVRE10;SERGIPE, 136 - JARDIM CIDADE DO ACO
VOLTA REDONDA;-22.5132;-44.0924;RJVRE09;
VOLTA REDONDA;-22.52665;-44.122277;RJVRE07;CARMEM MIRANDA, 92 - EUCALIPTAL
VOLTA REDONDA;-22.5444;-44.0696;RJVRE05;
VOLTA REDONDA;-22.49977;-44.1077;RJVRE03;
VOLTA REDONDA;-22.5191;-44.108;RJVRE02;
VOLTA REDONDA;-22.5046;-44.09281;RJVRE01;DESEMBARGADOR CESAR SALAMONTE, 95 - ATERRADO
VOLTA REDONDA;-22.50681;-44.07692;RJVRE06;
